translation_id	translation_name	translation_abbr	site	iso	num_books	num_chapters	num_verses	num_words	copyright_status	canonical_id	canonical_version	canonical_year
asv	American Standard Version	ASV	laparola.net	eng	27	260	7957	179836	public_domain	american-standard-version	1901	1901
bbe	Bible in Basic English	BBE	laparola.net	eng	27	260	7957	200857	public_domain	bible-in-basic-english	1941	1941
cei1974	C.E.I. (1974)	CEI1974	laparola.net	ita	27	260	7941	157519	public_domain	conferenza-episcopale-italiana	1974	1974
darbyfr	French Darby	DarbyFr	laparola.net	fra	27	260	7957	178788	public_domain	fra-darby-translation	1885	1885
dio	Diodati	Dio	laparola.net	ita	27	260	7958	167875	public_domain	diodati-bible	1607	1607
dr	Douay-Rheims	DR	laparola.net	eng	27	260	7922	178406	public_domain	douay-rheims	1752 (challoner revision)	1752
eng_kjv	King James Version (with Apocrypha)	KJVa	laparola.net	eng	27	260	7959	180453	public_domain	king-james-version	1769	1769
eng_kjv2006	King James Version (with definitions)	KJVd	laparola.net	eng	27	260	7957	180382	public_domain	king-james-version	1769	1769
eng_ylt	Young's Literal Translation	YLT	laparola.net	eng	27	260	7959	186843	public_domain	youngs-literal-translation	1898	1898
leb	Lexham English Bible	LEB	laparola.net	eng	27	260	7939	185968	open_license	lexham-english-bible	2012	2012
louissegond	Louis Segond	LS	laparola.net	fra	27	260	7958	174159	public_domain	louis-segond	1910	1910
lpv	La Parola è Vita	LPV	laparola.net	ita	27	260	7943	186802	copyrighted	la-parola-è-vita	2006	2006
lsv	Literal Standard Version	LSV	laparola.net	eng	27	260	7958	181064	open_license	literal-standard-version	2020	2020
luzzi	Riveduta (Luzzi)	Luzzi	laparola.net	ita	27	260	7941	163386	public_domain	riveduta	1924	1924
martini	Martini	Mart	laparola.net	ita	27	260	7952	163580	public_domain	martini	1781	1781
nd	Nuova Diodati	ND	laparola.net	ita	27	260	7958	165705	copyrighted	nuova-diodati	1991	1991
nr	Nuova Riveduta	NR	laparola.net	ita	27	260	7958	161394	copyrighted	nuova-riveduta	2006	2006
nr94	Nuova Riveduta (1994)	NR94	laparola.net	ita	27	260	7959	161054	copyrighted	nuova-riveduta	1994	1994
ostervald	Ostervald	Oster	laparola.net	fra	27	260	7958	177599	public_domain	ostervald	1996	1996
r2	Riveduta 2020	R2	laparola.net	ita	27	260	7959	162286	copyrighted	riveduta	2020	2020
reinavalera	Reina Valera	RV	laparola.net	spa	27	260	7955	164120	public_domain	reina-valera	1909	1909
ricciotti	Ricciotti	Ricc	laparola.net	ita	27	260	7952	159966	copyrighted	ricciotti	1940	1940
sagradasescrituras	Sagradas Escrituras	SagEsc	laparola.net	spa	27	260	7957	166538	public_domain	sagradas-escrituras	1569	1569
tintori	Tintori	Tint	laparola.net	ita	27	260	7952	156569	copyrighted	tintori	1931	1931
web	World English Bible	WEB	laparola.net	eng	27	260	7957	175453	public_domain	world-english-bible	2020	2020
LSG	Bible Louis Segond 1910	LSG	bible.audio	fra	27	260	7957	179439	public_domain	louis-segond	1910	1910
S21	Bible Segond 21	S21	bible.audio	fra	27	260	7957	180066	copyrighted	segond-21	2007	2007
NEG	Nouvelle Edition de Genève	NEG	bible.audio	fra	27	260	7957	179343	copyrighted	nouvelle-edition-de-geneve	1979	1979
SEM	Bible du Semeur	SEM	bible.audio	fra	27	260	7948	191310	copyrighted	bible-du-semeur	1992	1992
DBY	Bible Darby	DBY	bible.audio	fra	27	260	7954	185591	public_domain	fra-darby-translation	1885	1885
PDV	Parole de vie	PDV	bible.audio	fra	27	260	7924	203340	copyrighted	parole-de-vie	2000	2000
BFC	Bible en français courant	BFC	bible.audio	fra	27	260	7958	191680	copyrighted	bible-francais-courant	1997	1997
PVI	Parole Vivante	PVI	bible.audio	fra	27	259	7935	190771	copyrighted	parole-vivante	2013-2010	2013
OST	Bible Ostervald	OST	bible.audio	fra	27	260	7958	184291	public_domain	ostervald	1996	1996
MAR	Bible Martin	MAR	bible.audio	fra	27	260	7958	190401	public_domain	bible-martin	1744	1744
VIG	Bible Vigouroux	VIG	bible.audio	fra	27	260	7957	185721	public_domain	vigouroux	1900	1900
LAU	Bible de Lausanne	LAU	bible.audio	fra	27	260	7957	181215	public_domain	lausanne	1872	1872
GBT	Bible de Tours	GBT	bible.audio	fra	27	260	7957	178010	public_domain	bible-de-tours	1866	1866
CRA	Bible Crampon	CRA	bible.audio	fra	27	260	7950	181409	public_domain	bible-crampon	1923	1923
SAC	Bible de Sacy	SAC	bible.audio	fra	27	260	7950	201227	public_domain	sacy-bible	1759	1759
KJV	King James	KJV	bible.audio	eng	27	260	7957	180372	public_domain	king-james-version	1769	1769
ESV	English standard Version	ESV	bible.audio	eng	27	260	7941	170852	copyrighted	english-standard-version	2001	2001
NIV	New International Version	NIV	bible.audio	eng	27	260	7958	168276	copyrighted	new-international-version	2011	2011
RVR	Bible en espagnol  (RVR)	RVR	bible.audio	spa	27	260	7960	164932	copyrighted	reina-valera	1960	1960
685d1470fe4d5c3b-01	American Standard Version (Byzantine Text with Apocrypha)		bibles.org	eng	22	177	5202	116607	public_domain	american-standard-version	2021	2021
a81b73293d3080c9-01	Amplified Bible		bibles.org	eng	27	260	7947	229121	copyrighted	amplified-bible	2015	2015
bba9f40183526463-01	Berean Standard Bible		bibles.org	eng	27	260	7941	171804	public_domain	berean-standard-bible	2016	2016
55212e3cf5d04d49-01	Cambridge Paragraph Bible of the KJV		bibles.org	eng	27	260	7957	180595	public_domain	king-james-version-cambridge-paragraph-bible	1873	1873
555fef9a6cb31151-01	Contemporary English Version		bibles.org	eng	27	260	7855	180328	copyrighted	contemporary-english-version	2006 (second edition)	2006
108aa0495c0f45fb-01	Contemporary English Version (Anglicised) 2012		bibles.org	eng	27	260	7855	181075	copyrighted	contemporary-english-version-anglicised	2012	2012
555fef9a6cb31151-02	Contemporary English Version Interconfessional Edition		bibles.org	eng	27	260	7855	180328	copyrighted	contemporary-english-version-interconfessional	2006 (second edition)	2006
555fef9a6cb31151-03	Contemporary English Version Old tradition		bibles.org	eng	27	260	7855	180328	copyrighted	contemporary-english-version-old-tradition	2006 (second edition)	2006
179568874c45066f-01	Douay-Rheims American 1899		bibles.org	eng	27	260	7951	178978	public_domain	douay-rheims	1899 (american edition)	1899
26eb483046b561dc-01	Douay-Rheims Challoner Revision 1752 ✠		bibles.org	eng	27	260	7949	179006	public_domain	douay-rheims	1752 (challoner revision)	1752
55ec700d9e0d77ea-01	English Majority Text Version		bibles.org	eng	27	260	7954	181686	open_license	english-majority-text-version	2014	2014
7632ab86aeff617d-01	English Metrical Psalms and Selections by Brady and Tate 1696		bibles.org	eng	3	5	39	681	public_domain	english-metrical-psalms-and-selections-by-brady-and-tate	1698	1698
f421fe261da7624f-01	English Standard Version Revision 2016		bibles.org	eng	27	260	7941	175498	copyrighted	english-standard-version	2016	2016
65eec8e0b60e656b-01	Free Bible Version		bibles.org	eng	27	260	7937	176359	open_license	free-bible-version	4.1	2025
0f6d909d7b736d4f-01	Free Bible Version		bibles.org	eng	27	260	7941	176298	open_license	free-bible-version	<= 3	2018
c315fa9f71d4af3a-01	Geneva Bible		bibles.org	eng	27	260	7953	181932	public_domain	geneva-bible	1599	1599
de08848bef5aa286-02	Good News Bible (British Verison) 2017		bibles.org	eng	27	260	7897	193312	copyrighted	good-news-british	2nd edition (2017)	2017
de08848bef5aa286-03	Good News Bible (British Version) Catholic Edition 2017		bibles.org	eng	27	260	7897	193312	copyrighted	good-news-british-catolic	2nd edition (2017)	2017
de08848bef5aa286-01	Good News Bible (British Version) with Deuterocanonical books 2017		bibles.org	eng	27	260	7897	193312	copyrighted	good-news-british-with-deuterocanonicals	2nd edition (2017)	2017
61fd76eafa1577c2-02	Good News Translation		bibles.org	eng	27	260	7897	192564	copyrighted	good-news	2nd edition (1992)	1992
61fd76eafa1577c2-01	Good News Translation (US Version)		bibles.org	eng	27	260	7897	192564	copyrighted	good-news-us-version	2nd edition (1992)	1992
de4e12af7f28f599-01	King James (Authorised) Version		bibles.org	eng	27	260	7957	180815	public_domain	king-james-version	1769	1769
de4e12af7f28f599-02	King James (Authorised) Version		bibles.org	eng	27	260	7957	180815	public_domain	king-james-version	1769	1769
5cccfa61df57262f-01	King James Version  (Bible Society Paragraphed Edition 1954)		bibles.org	eng	27	260	7957	180382	copyrighted	king-james-version-bible-society-paragraphed-edition-1954	1954	1954
a6aee10bb058511c-01	King James Version with Apocrypha, American Edition		bibles.org	eng	27	260	7957	180337	copyrighted	king-james-version-with-apocrypha-american-edition	1962	1962
a6aee10bb058511c-02	King James Version, American Edition		bibles.org	eng	27	260	7957	180337	copyrighted	king-james-version-american-edition	1962	1962
01b29f4b342acc35-01	Literal Standard Version		bibles.org	eng	27	260	7959	181124	open_license	literal-standard-version	2020	2020
99e22db6104f0498-01	Matthew1-22, 1525 (William Tyndale) Cologne Fragment		bibles.org	eng	1	22	739	16878	public_domain	tyndale-cologne	1525	1525
5b888a42e2d9a89d-01	New International Reader’s Version 2014		bibles.org	eng	27	260	7896	198004	copyrighted	new-international-readers-version	2014	2014
3e2eb613d45e131e-01	New International Version (Anglicized) 2011		bibles.org	eng	27	260	7896	175175	copyrighted	new-international-version-anglicized	2011	2011
78a9f6124f344018-01	New International Version 2011		bibles.org	eng	27	260	7847	173484	copyrighted	new-international-version	2011	2011
d6e14a625393b4da-01	New Living Translation		bibles.org	eng	27	260	7942	186287	copyrighted	new-living-translation	2015	2015
1fd99b0d5841e19b-01	New Revised Standard Version		bibles.org	eng	27	260	7941	176110	copyrighted	new-revised-standard-version	1989	1989
1fd99b0d5841e19b-02	New Revised Standard Version		bibles.org	eng	27	260	7941	176110	copyrighted	new-revised-standard-version	1989	1989
4eede3e748e0a2c3-03	New Revised Standard Version (Anglicised) 1989		bibles.org	eng	27	260	7941	176144	copyrighted	new-revised-standard-version-anglicised	1989	1989
4eede3e748e0a2c3-02	New Revised Standard Version Catholic Edition (Anglicised) 1989		bibles.org	eng	27	260	7941	176144	copyrighted	new-revised-standard-version-anglicised-catholic	1989	1989
1fd99b0d5841e19b-03	New Revised Standard Version Old Tradition		bibles.org	eng	27	260	7941	176110	copyrighted	new-revised-standard-version-old-tradition	1989	1989
4eede3e748e0a2c3-01	New Revised Standard Version with Extended Apocrypha (Anglicised) 1989		bibles.org	eng	27	260	7941	176144	copyrighted	new-revised-standard-version	1989	1989
4b64f7d0cdec0e42-01	Revised Standard Version		bibles.org	eng	27	260	7935	173269	copyrighted	revised-standard-version	1971	1971
4b64f7d0cdec0e42-02	Revised Standard Version		bibles.org	eng	27	260	7935	173269	copyrighted	revised-standard-version	1971	1971
4b64f7d0cdec0e42-03	Revised Standard Version Old Tradition 1952		bibles.org	eng	27	260	7935	173269	copyrighted	revised-standard-version-old-tradition	1946	1946
0a8314e257586058-01	Revised Standard Version UK 1977		bibles.org	eng	27	260	7935	173521	copyrighted	revised-standard-version-uk	1977	1977
40072c4a5aba4022-01	Revised Version 1885		bibles.org	eng	27	260	7941	179867	public_domain	english-revised-version	1885	1885
9bb76cd3e5a7f9b4-01	Revised Version with Apocrypha 1885, 1895		bibles.org	eng	27	260	7941	179868	public_domain	english-revised-version	1885	1885
f6149f4ea43c36ed-01	Scottish Metrical Paraphrases 1781		bibles.org	eng	15	32	63	6182	public_domain	scottish-metrical-paraphrases	1781	1781
2f0fd81d7b85b923-01	The English New Testament According to Family 35		bibles.org	eng	10	162	5884	129550	open_license	family-35-nt	2016	2016
a9fc3d9729b6a6a0-01	The Gospel of St Matthew 1-22 (William Tyndale) Cologne Fragment - Modern Spelling		bibles.org	eng	1	22	740	16645	copyrighted	tyndale-cologne	2025	2025
06125adad2d5898a-01	The Holy Bible, American Standard Version		bibles.org	eng	27	260	7932	179258	public_domain	american-standard-version	1901	1901
92df985750968ce9-01	The New Testament 1526 (William Tyndale) Worms Edition		bibles.org	eng	27	260	7946	181773	public_domain	tyndale-worms	1526	1526
9c907df84d849b86-01	The newe Testament 1534 (William Tyndale) Antwerp Revised Edition - original spelling		bibles.org	eng	27	260	7954	182215	public_domain	tyndale-antwerp	1534	1534
c89622d31b60c444-02	The Orthodox Jewish Bible		bibles.org	eng	27	260	7959	208836	open_license	orthodox-jewish-bible	2011	2011
32339cf2f720ff8e-01	The Text-Critical English New Testament		bibles.org	eng	27	260	7953	181547	open_license	text-critical-english-nt	2022	2022
b5674f77348ad856-01	The Translator's Translation:  New Testament 1973		bibles.org	eng	27	260	7924	180290	copyrighted	translator-translation	1973	1973
4524cdb7a7098420-01	The Trench Epistles GWC 1915		bibles.org	eng	3	33	630	24689	public_domain	trench-epistles-gwc	1915	1915
66c22495370cdfc0-01	Translation for Translators		bibles.org	eng	27	260	7851	313110	open_license	translation-for-translators	2017	2017
0bc8836afa7427fa-01	Translation for Translators		bibles.org	eng	27	260	7860	315405	open_license	translation-for-translators	2017	2017
fad27c00e7c042a2-01	Who? 2018		bibles.org	eng	27	260	7667	169240	copyrighted	who-bible	2018	2018
9879dbb7cfe39e4d-01	World English Bible		bibles.org	eng	27	260	7953	174750	public_domain	world-english-bible	2020	2020
9879dbb7cfe39e4d-02	World English Bible		bibles.org	eng	27	260	7953	174750	public_domain	world-english-bible	2020	2020
9879dbb7cfe39e4d-03	World English Bible		bibles.org	eng	27	260	7953	174750	public_domain	world-english-bible	2020	2020
9879dbb7cfe39e4d-04	World English Bible		bibles.org	eng	27	260	7953	174750	public_domain	world-english-bible	2020	2020
7142879509583d59-01	World English Bible British Edition		bibles.org	eng	27	260	7953	174806	public_domain	world-english-bible	2020	2020
7142879509583d59-02	World English Bible British Edition		bibles.org	eng	27	260	7953	174806	public_domain	world-english-bible-british-edition	2020	2020
7142879509583d59-03	World English Bible British Edition		bibles.org	eng	27	260	7953	174806	public_domain	world-english-bible-british-edition	2020	2020
7142879509583d59-04	World English Bible British Edition		bibles.org	eng	27	260	7953	174806	public_domain	world-english-bible-british-edition	2020	2020
72f4e6dc683324df-01	World English Bible Updated		bibles.org	eng	27	260	7953	174753	public_domain	world-english-bible-updated	2020	2020
72f4e6dc683324df-02	World English Bible Updated		bibles.org	eng	27	260	7953	174753	public_domain	world-english-bible-updated	2020	2020
72f4e6dc683324df-03	World English Bible Updated		bibles.org	eng	27	260	7953	174753	public_domain	world-english-bible-updated	2020	2020
32664dc3288a28df-01	World English Bible, American English Edition, without Strong's Numbers		bibles.org	eng	27	260	7953	174753	public_domain	world-english-bible-american-edition	2020	2020
32664dc3288a28df-02	World English Bible, American English Edition, without Strong's Numbers		bibles.org	eng	27	260	7953	174753	public_domain	world-english-bible-american-edition	2020	2020
32664dc3288a28df-03	World English Bible, American English Edition, without Strong's Numbers		bibles.org	eng	27	260	7953	174749	public_domain	world-english-bible-american-edition	2020	2020
f72b840c855f362c-04	World Messianic Bible		bibles.org	eng	27	260	7953	178416	public_domain	world-english-bible-messianic-edition	2020	2020
04da588535d2f823-04	World Messianic Bible British Edition		bibles.org	eng	27	260	7953	178432	public_domain	world-english-bible-messianic-edition-british	2020	2020
7a29e1242c9ee60d-01	Young's Literal Translation 1898		bibles.org	eng	27	260	7957	186696	public_domain	youngs-literal-translation	1898	1898
a93a92589195411f-01	Bible J.N. Darby		bibles.org	fra	27	260	7954	186752	public_domain	fra-darby-translation	1885	1885
c329f9f1debe32db-01	French Gospel of Matthew 1855 (de Sacy)		bibles.org	fra	1	28	1070	24199	public_domain	sacy-bible	1855	1855
64138c65b3e295c2-01	Gospel of Matthew 1864 (Frainc-Comtois)		bibles.org	fra	1	28	1070	25577	public_domain	frainc-comtois	1864	1864
6f26e199139ea7f1-01	La Bible du Semeur (The Bible of the Sower)		bibles.org	fra	27	260	7945	201079	copyrighted	bible-du-semeur	2015	2015
98ab666655da6ae4-01	New French current		bibles.org	fra	27	260	7944	201251	copyrighted	bible-nouvelle-francais-courant	2019	2019
a0eead58359eebd2-01	Parole de Vie 2017		bibles.org	fra	27	260	7924	209888	copyrighted	parole-de-vie	2017	2017
41f25b97f468e10b-01	Diodati Bible 1885		bibles.org	ita	27	260	7957	168046	public_domain	diodati-bible	1885	1885
547356f0e641742a-02	Italian Common Language Bible		bibles.org	ita	27	260	7886	176811	copyrighted	interconfessionale-in-lingua-corrente	3rd edition (2014)	2014
547356f0e641742a-01	Italian Common Language Interconfessional Bible		bibles.org	ita	27	260	7886	176811	copyrighted	interconfessionale-in-lingua-corrente	3rd edition (2014)	2014
fbb8b0e1943b417c-01	Biblica® Open Polish Living New Testament 2016		bibles.org	pol	27	260	7873	138325	open_license	slowo-zycia	2016	2016
2e3185bcb90f9381-01	Polish Living New Testament (The Word of Life)		bibles.org	pol	27	260	7873	138325	open_license	slowo-zycia	2016	2016
1c9761e0230da6e0-01	Updated Gdansk Bible		bibles.org	pol	27	260	7957	138326	open_license	uwspolczesniona-biblia-gdanska	2017	2017
6b7f504f1b6050c1-01	Biblica® Open Nueva Biblia Viva 2008		bibles.org	spa	27	260	7880	174466	copyrighted	nueva-biblia-viva	2008	2008
0aaa4b88c30bcde2-01	Holy Bible: The Word of God for All		bibles.org	spa	27	260	7928	185353	copyrighted	palabra-de-dios-para-todos	2015	2015
e1592fe262f26754-01	New Living Bible		bibles.org	spa	27	260	7880	174467	copyrighted	nueva-biblia-viva	2008	2008
abc55ec4a92a291d-01	Nueva Versión Internacional (Spanish New International Version) 2015		bibles.org	spa	27	260	7929	181130	copyrighted	nueva-version-internacional	2015	2015
01c25b8715dbb632-01	Nueva Versión Internacional 2022		bibles.org	spa	27	260	7940	169513	copyrighted	nueva-version-internacional	2022	2022
592420522e16049f-01	Reina Valera 1909		bibles.org	spa	27	260	7956	164216	public_domain	reina-valera	1909	1909
48acedcf8595c754-01	Spanish Bible, Palabla de Dios para ti		bibles.org	spa	27	260	7936	154224	open_license	palabra-de-dios-para-ti	2020	2020
48acedcf8595c754-02	Spanish NT + PP, Palabla de Dios para ti		bibles.org	spa	27	260	7936	154224	open_license	palabra-de-dios-para-ti	2020	2020
ff913c55498d2380-01	Spanish, Biblia Reina Valera 1960		bibles.org	spa	27	260	7958	164930	copyrighted	reina-valera	1960	1960
b32b9d1b64b4ef29-01	The Holy Bible in Simple Spanish		bibles.org	spa	27	260	7958	182376	open_license	la-biblia-en-espanol-sencillo	2018	2018
482ddd53705278cc-01	The New Testament in Spanish, Free Bible Version		bibles.org	spa	27	260	7941	179186	open_license	biblia-libre	1.1 beta	2022
3a58bb7dafa55959-01	Traducción en Lenguaje Actual		bibles.org	spa	27	260	7627	197756	copyrighted	lenguaje-actual	2002	2002
3a58bb7dafa55959-02	Traducción en Lenguaje Actual Interconfesional		bibles.org	spa	27	260	7627	197756	copyrighted	lenguaje-actual-interconfesional	2002	2002
482ddd53705278cc-02	Versión Biblia Libre		bibles.org	spa	27	260	7941	179186	open_license	biblia-libre	1.1 beta	2022
72	Holman Christian Standard Bible	HCSB	bible.com	eng	27	260	7956	172725	copyrighted	holman-christian-standard-bible	2009	2009
477	Revised Version 1885	RV1885	bible.com	eng	27	260	7941	179868	public_domain	english-revised-version	1885	1885
3447	French Model Translation	TFM	bible.com	fra	12	142	5243	179301	copyrighted	french-model-translation	2025	2025
2664	Nueva Versión Internacional (Spanish New International Version) 2015	NVI-S	bible.com	spa	27	260	7958	169585	copyrighted	nueva-version-internacional	2015	2015
1359	International Children’s Bible	ICB	bible.com	eng	27	260	7923	205289	copyrighted	international-childrens-bible	2015	2015
1922	Revised Version with Apocrypha 1885, 1895	RV1895	bible.com	eng	27	260	7941	179868	public_domain	english-revised-version	1885	1885
3547	Gospel of Matthew 1864 (Frainc-Comtois)	THU	bible.com	fra	1	28	1070	25577	public_domain	frainc-comtois	1864	1864
3365	Spanish Bible, Palabla de Dios para ti	spaPdDpt	bible.com	spa	27	260	7936	154223	open_license	palabra-de-dios-para-ti	2020	2020
8	Amplified Bible, Classic Edition	AMPC	bible.com	eng	27	260	7956	242935	copyrighted	amplified-bible-classic	1987	1987
1077	Jubilee Bible	JUB	bible.com	eng	27	260	7957	183842	open_license	jubilee-bible	2000	2000
3427	The Text-Critical English New Testament	TCENT	bible.com	eng	27	260	7953	181432	copyrighted	byzantine-text-version	2022	2022
54	Diodati Bible 1885	DB1885	bible.com	ita	27	260	7957	168046	public_domain	diodati-bible	1885	1885
197	Holy Bible: The Word of God for All	PDT	bible.com	spa	27	260	7943	185353	copyrighted	palabra-de-dios-para-todos	2015	2015
12	American Standard Version	ASV	bible.com	eng	27	260	7957	179847	public_domain	american-standard-version	1901	1901
546	King James Version with Apocrypha, American Edition	KJVAAE	bible.com	eng	27	260	7957	180337	copyrighted	king-james-version-with-apocrypha-american-edition	1962	1962
314	Tree of Life Version	TLV	bible.com	eng	27	260	7956	173871	copyrighted	tree-of-life-version	2014	2014
1196	Italian Common Language Interconfessional Bible	ICL00D	bible.com	ita	27	260	7886	176809	copyrighted	interconfessionale-in-lingua-corrente	3rd edition (2014)	2014
1782	Reina Valera Actualizada	RVA2015	bible.com	spa	27	260	7959	167837	copyrighted	reina-valera-actualizada	2015	2015
31	The Books of the Bible NT	BOOKS	bible.com	eng	25	208	5799	129313	copyrighted	the-books-of-the-bible	2011	2011
547	King James Version, American Edition	KJVAE	bible.com	eng	27	260	7957	180337	copyrighted	king-james-version-american-edition	1962	1962
130	The Orthodox Jewish Bible	TOJB2011	bible.com	eng	27	260	7959	208836	open_license	orthodox-jewish-bible	2023	2023
1197	Italian Common Language Bible	ICL00P	bible.com	ita	27	260	7886	176809	copyrighted	interconfessionale-in-lingua-corrente	3rd edition (2014)	2014
146	Reina Valera Contemporánea	RVC	bible.com	spa	27	260	7958	173719	copyrighted	reina-valera-contemporanea	2009	2009
3034	Berean Standard Bible	BSB	bible.com	eng	27	260	7941	171804	public_domain	berean-standard-bible	2016	2016
90	Lexham English Bible	LEB	bible.com	eng	27	260	7939	185166	open_license	lexham-english-bible	2010	2010
1849	The Passion Translation	TPT	bible.com	eng	27	260	7763	216099	copyrighted	the-passion-translation	2020	2020
3368	Italian Riveduta 2020 Bible	IRB20	bible.com	ita	27	260	7958	162595	copyrighted	riveduta	2020	2020
147	Reina-Valera Antigua	RVES	bible.com	spa	27	260	7957	164120	public_domain	reina-valera-antigua	1602	1602
37	Common English Bible	CEB	bible.com	eng	27	260	7939	177415	copyrighted	common-english-bible	2011	2011
3345	Legacy Standard Bible	LSB	bible.com	eng	27	260	7958	184502	copyrighted	legacy-standard-bible	2021	2021
316	The Scriptures 2009	TS2009	bible.com	eng	27	260	7957	179448	copyrighted	the-scriptures	2009	2009
122	Nuova Riveduta 2006	NR06	bible.com	ita	27	260	7958	161621	copyrighted	nuova-riveduta	2006	2006
1718	Biblia Reina Valera 1909	RVR09	bible.com	spa	27	260	7956	164216	public_domain	reina-valera	1909	1909
392	Contemporary English Version	CEV	bible.com	eng	27	260	7855	180328	copyrighted	contemporary-english-version	2006 (second edition)	2006
2660	Literal Standard Version	LSV	bible.com	eng	27	260	7959	181124	open_license	literal-standard-version	2020	2020
2407	Wycliffe's Bible with Modern Spelling	WBMS	bible.com	eng	27	260	7959	186535	copyrighted	wycliffe-bible-modern-spelling	2001	2001
123	Nuova Riveduta 1994	NR94	bible.com	ita	27	260	7959	161761	copyrighted	nuova-riveduta	1994	1994
149	Spanish, Biblia Reina Valera 1960	RVR1960	bible.com	spa	27	260	7958	164930	copyrighted	reina-valera	1960	1960
303	Contemporary English Version Interconfessional Edition	CEVDCI	bible.com	eng	27	260	7855	180328	copyrighted	contemporary-english-version-interconfessional	2006 (second edition)	2006
1171	Modern English Version	MEV	bible.com	eng	27	260	7957	174387	copyrighted	modern-english-version	2024	2024
1204	World English Bible British Edition	WEBBE	bible.com	eng	27	260	7957	178257	public_domain	world-english-bible-british-edition	2020	2020
141	Versione Diodati Riveduta	RDV24	bible.com	ita	27	260	7940	163389	copyrighted	nuova-riveduta	1994	1994
150	Reina Valera 1995	RVR95	bible.com	spa	27	260	7958	165587	copyrighted	reina-valera	1995	1995
294	Contemporary English Version (Anglicised) 2012	CEVUK	bible.com	eng	27	260	7855	181075	copyrighted	contemporary-english-version-anglicised	2012	2012
4540	Metrical Psalms and Scripture Selections 1562 (Sternhold and Hopkins)	MP1562	bible.com	eng	2	3	30	694	public_domain	metrical-psalms-and-scripture-selections	1562	1562
206	World English Bible, American English Edition, without Strong's Numbers	engWEBUS	bible.com	eng	27	260	7957	174754	public_domain	world-english-bible-american-edition	2020	2020
3490	The Warsaw Bible 1975	PLWB1975	bible.com	pol	27	260	7956	139380	copyrighted	biblia-warszawska	1975	1975
4013	Traducción Contemporánea de la Biblia  - NT +	TCB	bible.com	spa	27	260	7957	192976	copyrighted	traduccion-contemporanea-de-la-biblia	2022	2022
1275	Complete Jewish Bible	CJB	bible.com	eng	27	260	7943	183571	public_domain	complete-jewish-bible	1998	1998
3051	Scottish Metrical Paraphrases 1781	MP1781	bible.com	eng	15	32	63	5990	public_domain	scottish-metrical-paraphrases	1781	1781
1209	World Messianic Bible	WMB	bible.com	eng	27	260	7957	178417	public_domain	world-english-bible-messianic-edition	2020	2020
319	Nowa Biblia Gdańska	NBG	bible.com	pol	27	260	7956	140440	copyrighted	nowa-biblia-gdanska	2012	2012
176	Traducción en Lenguaje Actual	TLA	bible.com	spa	27	260	7627	197756	copyrighted	lenguaje-actual	2002	2002
1207	World Messianic Bible British Edition	WMBBE	bible.com	eng	27	260	7957	178433	public_domain	world-english-bible-messianic-edition-british	2020	2020
42	Catholic Public Domain Version	CPDV	bible.com	eng	27	260	7952	188687	public_domain	catholic-public-domain-version	2009	2009
97	The Message	MSG	bible.com	eng	27	260	3242	191850	copyrighted	the-message-bible	2018	2018
3551	Good News About The Rescue In Christ. New Dynamic Translation of New Testament	NT NPD	bible.com	pol	27	260	7958	193265	copyrighted	nowy-przeklad-dynamiczny	2021	2021
178	Traducción en Lenguaje Actual Interconfesional	TLAI	bible.com	spa	27	260	7627	197755	copyrighted	lenguaje-actual-interconfesional	2002	2002
1713	Christian Standard Bible	CSB	bible.com	eng	27	260	7942	173290	copyrighted	christian-standard-bible	2017	2017
463	New American Bible, revised edition	NABRE	bible.com	eng	27	260	7957	175381	copyrighted	new-american-bible-revised-edition	1986	1986
4108	Y'all Version Bible	YALL	bible.com	eng	27	260	7959	173246	copyrighted	yall-version-bible	2024	2024
132	Biblia Gdańska	PBG	bible.com	pol	27	260	7953	139988	public_domain	biblia-gdanska	1632	1632
3291	Versión Biblia Libre	VBL	bible.com	spa	27	260	7957	179166	open_license	biblia-libre	1.1 beta	2022
4124	Christian Standard Bible Anglicised	CSBA	bible.com	eng	27	260	7942	173415	copyrighted	christian-standard-bible-anglicised	2024	2024
100	New American Standard Bible 1995	NASB1995	bible.com	eng	27	260	7958	183650	copyrighted	new-american-standard-bible	1995	1995
821	Young's Literal Translation 1898	YLT98	bible.com	eng	27	260	7957	186696	public_domain	youngs-literal-translation	1898	1898
137	Polish Living New Testament (The Word of Life)	PLNT	bible.com	pol	27	260	7915	139435	open_license	slowo-zycia	2016	2016
478	Darby's Translation 1890	DARBY	bible.com	eng	27	260	7957	179293	public_domain	eng-darby-translation	1890	1890
2692	New American Standard Bible 2020	NASB2020	bible.com	eng	27	260	7945	185650	copyrighted	new-american-standard-bible	2020	2020
504	Bible catholique Crampon 1923	BCC1923	bible.com	fra	27	260	7950	176013	public_domain	bible-crampon	1923	1923
2095	Polish Bible 2018	SNP	bible.com	pol	27	260	7956	142039	copyrighted	eib-nowe-przymierze-literary	2016	2016
55	Douay-Rheims Challoner Revision 1752 ✠	DRC1752	bible.com	eng	27	260	7949	179006	public_domain	douay-rheims	1752	1752
105	New Century Version	NCV	bible.com	eng	27	260	7937	191224	copyrighted	new-century-version	2005	2005
21	La Bible du Semeur (The Bible of the Sower)	BDS	bible.com	fra	27	260	7945	201079	copyrighted	bible-du-semeur	2015	2015
3881	BIBLIA to jest Pismo Święte Starego i Nowego Przymierza	SNPD4	bible.com	pol	27	260	7957	138106	copyrighted	eib-nowe-przymierze-literal	2019	2019
2079	EasyEnglish Bible 2024	EASY	bible.com	eng	27	260	7942	263988	copyrighted	easyenglish-bible	2024	2024
107	New English Translation	NET	bible.com	eng	27	260	7942	179600	open_license	net-bible	v1 (2006)	2006
4410	Simple French Bible 2023	BenFS	bible.com	fra	27	260	7934	272477	copyrighted	simple-french-bible	2023	2023
138	Updated Gdansk Bible	polUBG	bible.com	pol	27	260	7957	138326	open_license	uwspolczesniona-biblia-gdanska	2017	2017
4224	Evangelical Heritage Version	EHV	bible.com	eng	27	260	7951	180601	copyrighted	evangelical-heritage-version	2021	2021
110	New International Reader’s Version 2014	NIrV	bible.com	eng	27	260	7942	200828	copyrighted	new-international-readers-version	2014	2014
3286	Explained Bible	BEX	bible.com	fra	27	260	7941	272610	copyrighted	explained-bible	2004	2004
1715	Biblia del Oso 1573	BDO1573	bible.com	spa	27	260	7954	162443	public_domain	biblia-del-oso	1573	1573
406	Holy Bible: Easy-to-Read Version	ERV	bible.com	eng	27	260	7901	208793	copyrighted	easy-to-read-version	2004	2004
111	New International Version 2011	NIV11	bible.com	eng	27	260	7958	176008	copyrighted	new-international-version	2011	2011
63	French common language	BFC	bible.com	fra	27	260	7941	192459	copyrighted	bible-francais-courant	1997	1997
222	La Biblia Hispanoamericana (Traducción Interconfesional, versión hispanoamericana)	BHTI	bible.com	spa	27	260	7953	180076	copyrighted	la-biblia-hispanoamericana-interconfesional	2011	2011
59	English Standard Version Revision 2016	ESV	bible.com	eng	27	260	7941	175514	copyrighted	english-standard-version	2016	2016
113	New International Version (Anglicized) 2011	NIVUK11	bible.com	eng	27	260	7958	176687	copyrighted	new-international-version-anglicized	2011	2011
62	Martin 1744	FMAR	bible.com	fra	27	260	7953	190331	public_domain	bible-martin	1744	1744
28	La Palabra (Latin American edition)	BLPH	bible.com	spa	27	260	7953	178239	copyrighted	la-palabra-hispanoamericana	2010	2010
1932	Free Bible Version	FBV	bible.com	eng	27	260	7958	176476	open_license	free-bible-version	4.3	2025
114	New King James Version	NKJV	bible.com	eng	27	260	7957	177984	copyrighted	new-king-james-version	1979	1979
64	Bible J.N. Darby	JND	bible.com	fra	27	260	7957	186752	public_domain	fra-darby-translation	1885	1885
4278	Dios habla hoy 4ta. edición. Estándar.	DHH23ST	bible.com	spa	27	260	7926	182153	copyrighted	dios-habla-hoy	4th edition (2023)	2023
3633	First Nations Version	FNVNT	bible.com	eng	27	260	7792	244552	copyrighted	first-nations-version	2021	2021
116	New Living Translation	NLT	bible.com	eng	27	260	7943	186312	copyrighted	new-living-translation	2015	2015
93	Bible Segond 1910	LSG	bible.com	fra	27	260	7959	173730	public_domain	louis-segond	1910	1910
52	Biblia Dios Habla Hoy	DHH94I	bible.com	spa	27	260	7912	182176	copyrighted	dios-habla-hoy	1994	1994
1588	Amplified Bible	AMP	bible.com	eng	27	260	7958	229433	copyrighted	amplified-bible	2015	2015
416	Good News Bible (British Version) with Deuterocanonical books 2017	GNBDC	bible.com	eng	27	260	7897	193311	copyrighted	good-news-british-with-deuterocanonicals	2017	2017
4249	New Living Translation Catholic Edition	NLTCE	bible.com	eng	27	260	7943	186312	copyrighted	new-living-translation-catholic	2016	2016
104	Nouvelle Bible Segond	NBS	bible.com	fra	27	260	7956	181867	copyrighted	nouvelle-segond	2002	2002
411	Dios Habla Hoy Bible	DHH94PC	bible.com	spa	27	260	7912	182176	copyrighted	dios-habla-hoy	1994	1994
431	Good News Bible (British Version) Catholic Edition 2017	GNBDK	bible.com	eng	27	260	7897	193311	copyrighted	good-news-british-catolic	2017	2017
2135	New Messianic Version Bible	NMV	bible.com	eng	27	260	7955	198932	open_license	new-messianic-version-bible	2018	2018
3877	Segond NEG 1979	SGNEG79	bible.com	fra	27	260	7957	173656	copyrighted	geneva-bible	1979	1979
1845	Dios Habla Hoy DK	DHHDK	bible.com	spa	27	260	7912	182178	copyrighted	dios-habla-hoy	1994	1994
296	Good News Bible (British Verison) 2017	GNBUK	bible.com	eng	27	260	7897	193311	copyrighted	good-news	2017	2017
2015	New Revised Standard Version	NRSVCI	bible.com	eng	27	260	7957	176298	copyrighted	new-revised-standard-version	1989	1989
106	Nouvelle Edition de Genève 1979	NEG79	bible.com	fra	27	260	7957	173266	copyrighted	geneva-bible	1979	1979
1846	Dios habla Hoy Estándar	DHHS94	bible.com	spa	27	260	7912	182165	copyrighted	dios-habla-hoy	1996	1996
1	King James Version	KJV	bible.com	eng	27	260	7957	180570	public_domain	king-james-version	1769	1769
3523	New Revised Standard Version Updated Edition 2021	NRSVUE	bible.com	eng	27	260	7941	176569	copyrighted	new-revised-standard-version	2021	2021
2367	New French current	NFC	bible.com	fra	27	260	7944	201251	copyrighted	bible-nouvelle-francais-courant	2019	2019
1076	Biblia del Jubileo	JBS	bible.com	spa	27	260	7957	167405	copyrighted	biblia-del-jubileo	2000	2000
68	Good News Translation	GNT	bible.com	eng	27	260	7897	192563	copyrighted	good-news	2012	2012
3915	English Interlinear of the Orthodox Yiddish Brit Chadasha	OYBCENGL	bible.com	eng	27	260	7957	205389	copyrighted	english-interlinear-of-the-orthodox-yiddish-brit-chadasha	2024	2024
2053	Nouvelle Segond révisée	NVS78P	bible.com	fra	27	260	7957	177778	copyrighted	nouvelle-segond-revisee	1978	1978
89	La Biblia de las Américas	LBLA	bible.com	spa	27	260	7958	170235	copyrighted	la-biblia-de-las-americas	1997	1997
4253	A Faithful Version	AFV	bible.com	eng	27	260	7958	189694	copyrighted	faithful-version	2011	2011
69	Good News Translation (US Version)	GNTD	bible.com	eng	27	260	7897	192563	copyrighted	good-news-us-version	2nd edition (1992)	1992
2530	Plain English Version (Aboriginal)	PEV	bible.com	eng	21	192	5042	216996	open_license	plain-english-version	2021	2021
131	Ostervald	OST	bible.com	fra	27	260	7953	185294	public_domain	ostervald	1744	1744
103	Nueva Biblia de las Américas	NBLA	bible.com	spa	27	260	7958	170840	copyrighted	nueva-biblia-de-las-americas	1986	1986
2163	Geneva Bible	enggnv	bible.com	eng	27	260	7953	181932	public_domain	geneva-bible	1599	1599
2753	Radiate New Testament	RAD	bible.com	eng	27	260	7924	188932	copyrighted	radiate-new-testament	2020	2020
133	Parole de Vie 2017	PDV2017	bible.com	fra	27	260	7924	210130	copyrighted	parole-de-vie	2017	2017
753	Biblica® Open Nueva Biblia Viva 2008	NBV	bible.com	spa	27	260	7880	174467	copyrighted	nueva-biblia-viva	2008	2008
70	GOD'S WORD	GW	bible.com	eng	27	260	7943	180279	copyrighted	gods-word-translation	1995	1995
2020	Revised Standard Version	RSV	bible.com	eng	27	260	7957	173269	copyrighted	revised-standard-version	1971	1971
152	La Bible Segond 21	S21	bible.com	fra	27	260	7957	179129	copyrighted	segond-21	2007	2007
3539	Nuevo Testamento: Segun el texto bizantino	NTBIZ	bible.com	spa	27	260	7955	164946	copyrighted	segun-el-texto-bizantino	2005	2005
1047	St Paul from the Trenches 1916	GWC	bible.com	eng	3	33	630	24651	copyrighted	st-paul-from-the-trenches	1916	1916
2017	Revised Standard Version Old Tradition 1952	RSV-C	bible.com	eng	27	260	7957	173269	copyrighted	revised-standard-version	1952	1952
2599	French Gospel of Matthew 1855 (de Sacy)	Sacy	bible.com	fra	1	28	1070	24199	public_domain	sacy-bible	1855	1855
127	Nueva Traducción Viviente	NTV	bible.com	spa	27	260	7943	189232	copyrighted	nueva-traduccion-viviente	2010	2010
3548	Revised Standard Version	RSVCI	bible.com	eng	27	260	7957	173269	copyrighted	revised-standard-version	1971	1971
128	Nueva Versión Internacional 2022	NVI-S	bible.com	spa	27	260	7958	169585	copyrighted	nueva-version-internacional	2022	2022
nwt-eng	New World Translation (eng)	nwt-eng	jw.org	eng	27	260	7933	188437	copyrighted	eng-new-world-translation	2025	2025
nwt-ita	New World Translation (ita)	nwt-ita	jw.org	ita	27	260	7933	166889	copyrighted	ita-new-world-translation	2025	2025
nwt-pol	New World Translation (pol)	nwt-pol	jw.org	pol	27	260	7933	147322	copyrighted	pol-new-world-translation	2025	2025
nwt-fra	New World Translation (fra)	nwt-fra	jw.org	fra	27	260	7933	196732	copyrighted	fra-new-world-translation	2025	2025
nwt-spa	New World Translation (spa)	nwt-spa	jw.org	spa	27	260	7933	183284	copyrighted	spa-new-world-translation	2025	2025
SPNLPS	La Palabra - Spain	SPNLPS	bible.is	spa	27	260	7954	173136	copyrighted	la-palabra-espana	2010 (3rd edition)	2010
FRAPDF	French - Parole de Vie	FRAPDF	bible.is	fra	27	256	7840	197974	copyrighted	parole-de-vie	2000	2000
ENGESV	English Standard Version®	ENGESV	bible.is	eng	27	260	7941	175470	copyrighted	english-standard-version	2007	2007
EN1ESV	English Standard Version® - Hear the Word Audio Bible	EN1ESV	bible.is	eng	27	260	7941	174763	copyrighted	english-standard-version	2007	2007
SPANVI	La Santa Biblia, Nueva Versión Internacional ™, NVI ™	SPANVI	bible.is	spa	27	260	7941	170326	copyrighted	nueva-version-internacional	1999	1999
ENGKJV	King James Version	ENGKJV	bible.is	eng	27	260	7957	180384	public_domain	king-james-version	1769	1769
SPABDA	Biblia de América	SPABDA	bible.is	spa	27	260	7941	167790	copyrighted	biblia-de-america	2010	2010
ENGNIV	Holy Bible, New International Version®	ENGNIV	bible.is	eng	27	260	7941	175209	copyrighted	new-international-version	1984	1984
ENGASV	American Standard Bible	ENGASV	bible.is	eng	27	260	7957	179865	public_domain	american-standard-version	1901	1901
ENGWMV	English - Wycliffe Modern	ENGWMV	bible.is	eng	27	260	7959	286899	copyrighted	wycliffe-bible-modern-spelling	2001	2001
ENGEVD	English Version for the Deaf	ENGEVD	bible.is	eng	27	260	7942	218577	copyrighted	easy-to-read-version	1987	1987
ENGNAS	New American Standard Bible (NASB)	ENGNAS	bible.is	eng	27	260	7958	182368	copyrighted	new-american-standard-bible	1995	1995
FRAPDVA	Parole de Vie - African	FRAPDVA	bible.is	fra	27	260	7934	200287	copyrighted	parole-de-vie	2000	2000
ENGTLV	English - Tree of Life Version	ENGTLV	bible.is	eng	27	260	7957	173669	copyrighted	tree-of-life-version	2014	2014
FRNO96	French - Ostervald Version	FRNO96	bible.is	fra	27	260	7958	177599	public_domain	ostervald	1996	1996
ITAR27	Italian Riveduta 1927	ITAR27	bible.is	ita	27	260	7957	163669	public_domain	riveduta	1927	1927
SPNDLH	Nueva Biblia Latinoamericana de Hoy	SPNDLH	bible.is	spa	27	260	7958	171929	copyrighted	nueva-biblia-latinoamericana-de-hoy	2005	2005
SPNLBV	La Biblia	SPNLBV	bible.is	spa	27	260	7940	167355	copyrighted	biblia-de-la-casa-de-la-biblia	2006	2006
FRNTLS	French - 1910 Louis Segond (Tresorsonore recording)	FRNTLS	bible.is	fra	27	260	7959	173117	public_domain	louis-segond	1910	1910
ENGWM1	English - World Messianic Version	ENGWM1	bible.is	eng	27	260	7957	175013	public_domain	world-english-bible-messianic-edition	2020	2020
ENGWEB	World English Bible	ENGWEB	bible.is	eng	27	260	7958	175124	public_domain	world-english-bible	2020	2020
ENGNLT	New Living Translation®, Holy Sanctuary version	ENGNLT	bible.is	eng	27	260	7943	186207	copyrighted	new-living-translation	2015	2015
SPAERV	The Word of God for All - 2000 World Bible Translation Center	SPAERV	bible.is	spa	27	260	7953	185076	copyrighted	palabra-de-dios-para-todos	2000	2000
ENGCEV	Contemporary English Version®	ENGCEV	bible.is	eng	27	260	7850	181067	copyrighted	contemporary-english-version	1991	1991
SPNNVI	La Santa Biblia, Nueva Versión Internacional®	SPNNVI	bible.is	spa	27	260	7941	170326	copyrighted	nueva-version-internacional	1999	1999
ENGNKJV	New King James Version	ENGNKJV	bible.is	eng	27	260	7957	177982	copyrighted	new-king-james-version	1979	1979
SPAWTC	The Word of God for All 2014	SPAWTC	bible.is	spa	27	260	7938	185037	copyrighted	palabra-de-dios-para-todos	2014	2014
ENGWWH	World English Bible - Winfred Henson	ENGWWH	bible.is	eng	27	260	7958	175124	public_domain	world-english-bible	2020	2020
SPANTV	La Santa Bíblia, Nueva Traducción Viviente	SPANTV	bible.is	spa	27	260	7943	189059	copyrighted	nueva-traduccion-viviente	2010	2010
FRAPDVC	Parole de Vie - Canadian	FRAPDVC	bible.is	fra	27	260	7953	199909	copyrighted	parole-de-vie	2000	2000
FRABIB	French - La Bible Du Semeur (Biblica Audio)	FRABIB	bible.is	fra	27	260	7945	201310	copyrighted	bible-du-semeur	2015	2015
SPNR02	1602 Reina-Valera Antigua	SPNR02	bible.is	spa	27	260	7957	164123	public_domain	reina-valera-antigua	1602	1602
AUSWBT	English - Aboriginal Translators Version	AUSWBT	bible.is	eng	15	93	2219	102389	open_license	plain-english-version	2021	2021
SPADHH	Dios Habla Hoy	SPADHH	bible.is	spa	27	260	7912	182189	copyrighted	dios-habla-hoy	3rd edition (1996)	1996
SPNBLA	La Biblia de las Americas	SPNBLA	bible.is	spa	27	260	7958	169674	copyrighted	la-biblia-de-las-americas	1997	1997
SPNTLA	Lenguaje Actual	SPNTLA	bible.is	spa	24	125	3799	97820	copyrighted	lenguaje-actual	2002	2002
FRADBY	French - 1885 Darby	FRADBY	bible.is	fra	27	260	7955	178843	public_domain	fra-darby-translation	1885	1885
POLNCV	New Covenant Translation	POLNCV	bible.is	pol	27	260	7955	142630	copyrighted	eib-nowe-przymierze-literary	2011	2011
SPAR95	Reina Valera 1995	SPAR95	bible.is	spa	27	260	7958	163553	copyrighted	reina-valera	1995	1995
ENGREV	English - Revised Version 1885	ENGREV	bible.is	eng	27	260	7957	179866	public_domain	english-revised-version	1885	1885
ENGNAB	New American Bible, revised edition (NABRE)	ENGNAB	bible.is	eng	16	118	2999	65429	copyrighted	new-american-bible-revised-edition	1968	1968
SPAR60	Reina-Valera 1960 Biblia	SPAR60	bible.is	spa	27	260	7958	164596	copyrighted	reina-valera	1960	1960
FRADPI	Parole de Vie - African (Davar Audio)	FRADPI	bible.is	fra	27	260	7924	209652	copyrighted	parole-de-vie	2000	2000
POLPBG	1632 Polish Biblia Gdanska	POLPBG	bible.is	pol	27	260	7953	139986	public_domain	biblia-gdanska	1632	1632
niv	New International Version	niv	biblehub.com	eng	27	260	7941	176057	copyrighted	new-international-version	2011	2011
nlt	New Living Translation	nlt	biblehub.com	eng	27	260	7940	188060	copyrighted	new-living-translation	2015	2015
esv	English Standard Version	esv	biblehub.com	eng	27	260	7940	175503	copyrighted	english-standard-version	2016	2016
bsb	Berean Study Bible	bsb	biblehub.com	eng	27	260	7941	191314	public_domain	berean-standard-bible	2025	2025
nasb_	New American Standard Bible	nasb_	biblehub.com	eng	27	260	7941	233520	copyrighted	new-american-standard-bible	2020	2020
nasb	NASB 1995	nasb	biblehub.com	eng	27	260	7957	185732	copyrighted	new-american-standard-bible	1995	1995
nasb77	NASB 1977	nasb77	biblehub.com	eng	27	260	7957	185530	copyrighted	new-american-standard-bible	1977	1977
amp	Amplified Bible	amp	biblehub.com	eng	27	260	7941	263412	copyrighted	amplified-bible	2015	2015
csb	Christian Standard Bible	csb	biblehub.com	eng	27	260	7941	251701	copyrighted	christian-standard-bible	2017	2017
hcsb	Holman Christian Standard Bible	hcsb	biblehub.com	eng	27	260	7956	210948	copyrighted	holman-christian-standard-bible	2009	2009
cev	Contemporary English Version	cev	biblehub.com	eng	27	260	7854	180341	copyrighted	contemporary-english-version	2006 (second edition)	2006
gnt	Good News Translation	gnt	biblehub.com	eng	27	260	7896	195372	copyrighted	good-news	2nd edition (1992)	1992
gwt	GOD'S WORD® Translation	gwt	biblehub.com	eng	27	260	7957	179968	copyrighted	gods-word-translation	1995	1995
isv	International Standard Version	isv	biblehub.com	eng	27	260	7957	185680	copyrighted	international-standard-version	1.2.1	2012
net	NET Bible	net	biblehub.com	eng	27	260	7957	182624	open_license	net-bible	v1 (2006)	2006
kjv	King James Bible	kjv	biblehub.com	eng	27	260	7913	180195	public_domain	king-james-version	1769	1769
nkjv	New King James Version	nkjv	biblehub.com	eng	27	260	7940	183972	copyrighted	new-king-james-version	1979	1979
kj2000	King James 2000 Bible	kj2000	biblehub.com	eng	27	260	7957	180292	copyrighted	king-james-version-2000	2000	2000
nheb	New Heart English Bible	nheb	biblehub.com	eng	27	260	7949	175987	public_domain	new-heart-english-bible	2025	2025
web	World English Bible	web	biblehub.com	eng	27	260	7913	173793	public_domain	world-english-bible	1997	1997
akjv	American King James Version	akjv	biblehub.com	eng	27	260	7913	179634	public_domain	american-king-james-version	1999	1999
asv	American Standard Version	asv	biblehub.com	eng	27	260	7913	179053	public_domain	american-standard-version	1901	1901
afv	A Faithful Version	afv	biblehub.com	eng	27	260	7956	189902	copyrighted	faithful-version	2011	2011
dbt	Darby Bible Translation	dbt	biblehub.com	eng	27	260	7913	178333	public_domain	eng-darby-translation	1884	1884
erv	English Revised Version	erv	biblehub.com	eng	27	260	7913	178894	public_domain	english-revised-version	1885	1885
wbt	Webster's Bible Translation	wbt	biblehub.com	eng	27	260	7913	178974	public_domain	webster-bible	1833	1833
geneva	Geneva Bible of 1587	geneva	biblehub.com	eng	27	260	7957	187812	public_domain	geneva-bible	1587	1587
bishops	Bishops' Bible of 1568	bishops	biblehub.com	eng	27	260	7957	187828	public_domain	bishops-bible	1568	1568
coverdale	Coverdale Bible of 1535	coverdale	biblehub.com	eng	27	260	7957	188519	public_domain	coverdale-bible	1535	1535
tyndale	Tyndale Bible of 1526	tyndale	biblehub.com	eng	27	260	7957	187992	public_domain	tyndale-bible	1526	1526
lsv	Literal Standard Version	lsv	biblehub.com	eng	27	260	7957	181064	open_license	literal-standard-version	2020	2020
blb	Berean Literal Bible	blb	biblehub.com	eng	27	260	7941	182047	public_domain	berean-literal-bible	2016	2016
ylt	Young's Literal Translation	ylt	biblehub.com	eng	27	260	7913	185740	public_domain	youngs-literal-translation	1898	1898
slt	Smith's Literal Translation	slt	biblehub.com	eng	27	260	7957	177389	public_domain	smiths-literal-translation	1876	1876
let	Literal Emphasis Translation	let	biblehub.com	eng	27	260	7957	213398	open_license	literal-emphasis-translation	2015	2015
drb	Douay-Rheims Bible	drb	biblehub.com	eng	27	260	7913	178091	public_domain	douay-rheims	1752 (challoner revision)	1752
cpdv	Catholic Public Domain Version	cpdv	biblehub.com	eng	27	260	7957	194672	public_domain	catholic-public-domain-version	2009	2009
aramaic-plain-english	Aramaic Bible in Plain English	aramaic-plain-english	biblehub.com	eng	27	260	7957	191459	copyrighted	aramaic-plain-english	8th edition	2013
lamsa	Lamsa Bible	lamsa	biblehub.com	eng	27	260	7957	186136	copyrighted	lamsa-bible	1933	1933
anderson	Anderson New Testament	anderson	biblehub.com	eng	27	260	7957	187311	public_domain	anderson-new-testament	1865	1865
godbey	Godbey New Testament	godbey	biblehub.com	eng	27	260	7954	182369	public_domain	godbey-new-testament	1902	1902
haweis	Haweis New Testament	haweis	biblehub.com	eng	27	260	7957	188100	public_domain	haweis-new-testament	1795	1795
mace	Mace New Testament	mace	biblehub.com	eng	27	260	7957	183391	public_domain	mace-new-testament	1729	1729
wey	Weymouth New Testament	wey	biblehub.com	eng	27	260	7913	191640	public_domain	weymouth-new-testament	1903	1903
worrell	Worrell New Testament	worrell	biblehub.com	eng	27	260	7957	182991	public_domain	worrell-new-testament	1904	1904
worsley	Worsley New Testament	worsley	biblehub.com	eng	27	260	7957	185123	public_domain	worsley-new-testament	1770	1770
21st-Century-King-James-Version-KJ21-Bible	21st Century King James Version (KJ21)	KJ21	biblegateway.com	eng	27	260	7951	181071	copyrighted	21st-century-king-james-version	1994	1994
American-Standard-Version-ASV-Bible	American Standard Version (ASV)	ASV	biblegateway.com	eng	27	260	7941	180147	public_domain	american-standard-version	1901	1901
Amplified-Bible-AMP	Amplified Bible (AMP)	AMP	biblegateway.com	eng	27	260	7958	226470	copyrighted	amplified-bible	2015	2015
Amplified-Bible-Classic-Edition-AMPC	Amplified Bible, Classic Edition (AMPC)	AMPC	biblegateway.com	eng	27	260	7956	240864	copyrighted	amplified-bible-classic-edition	1987	1987
BRG-Bible	BRG Bible (BRG)	BRG	biblegateway.com	eng	27	260	7957	181145	public_domain	king-james-version	1769	1769
Christian-Standard-Bible-CSB	Christian Standard Bible (CSB)	CSB	biblegateway.com	eng	27	260	7942	171501	copyrighted	christian-standard-bible	2017	2017
Christian-Standard-Bible-Anglicised-CSBA-Bible	Christian Standard Bible Anglicised (CSBA)	CSBA	biblegateway.com	eng	27	260	7942	172983	copyrighted	christian-standard-bible-anglicised	2024	2024
Common-English-Bible-CEB	Common English Bible (CEB)	CEB	biblegateway.com	eng	27	260	7939	175614	copyrighted	common-english-bible	2011	2011
Complete-Jewish-Bible-CJB	Complete Jewish Bible (CJB)	CJB	biblegateway.com	eng	27	260	7958	184773	public_domain	complete-jewish-bible	1998	1998
Contemporary-English-Version-CEV-Bible	Contemporary English Version (CEV)	CEV	biblegateway.com	eng	27	260	7857	181457	copyrighted	contemporary-english-version	1991	1991
Darby-Translation-Bible	Darby Translation (DARBY)	DARBY	biblegateway.com	eng	27	260	7954	179231	public_domain	eng-darby-translation	1884	1884
Disciples-Literal-New-Testament-DLNT	Disciples’ Literal New Testament (DLNT)	DLNT	biblegateway.com	eng	27	260	7958	185160	copyrighted	disciples-literal-new-testament	2011	2011
Douay-Rheims-1899-American-Edition-DRA-Bible	Douay-Rheims 1899 American Edition (DRA)	DRA	biblegateway.com	eng	27	260	7949	179000	public_domain	douay-rheims	1899 (american edition)	1899
Easy-to-Read-Version-ERV-Bible	Easy-to-Read Version (ERV)	ERV	biblegateway.com	eng	27	260	7901	208533	copyrighted	easy-to-read-version	2004	2004
EasyEnglish-Bible-EASY	EasyEnglish Bible (EASY)	EASY	biblegateway.com	eng	27	260	7941	265645	copyrighted	easyenglish-bible	2018	2018
Evangelical-Heritage-Version-EHV-Bible	Evangelical Heritage Version (EHV)	EHV	biblegateway.com	eng	27	260	7951	180606	copyrighted	evangelical-heritage-version	2017	2017
English-Standard-Version-ESV-Bible	English Standard Version (ESV)	ESV	biblegateway.com	eng	27	260	7941	175546	copyrighted	english-standard-version	2025	2025
English-Standard-Version-Anglicised-ESV-Bible	English Standard Version Anglicised (ESVUK)	ESVUK	biblegateway.com	eng	27	260	7941	175620	copyrighted	english-standard-version-anglicised	2002	2002
Expanded-Bible-EXB	Expanded Bible (EXB)	EXB	biblegateway.com	eng	27	260	7923	287653	copyrighted	expanded-bible	2011	2011
1599-Geneva-Bible-GNV	1599 Geneva Bible (GNV)	GNV	biblegateway.com	eng	27	260	7952	182238	public_domain	geneva-bible	1599	1599
GODS-WORD-Translation-GW-Bible	GOD’S WORD Translation (GW)	GW	biblegateway.com	eng	27	260	7943	180582	copyrighted	gods-word-translation	1995	1995
Good-News-Translation-GNT-Bible	Good News Translation (GNT)	GNT	biblegateway.com	eng	27	260	7916	192566	copyrighted	good-news	2nd edition (1992)	1992
Holman-Christian-Standard-Bible-HCSB	Holman Christian Standard Bible (HCSB)	HCSB	biblegateway.com	eng	27	260	7956	171380	copyrighted	holman-christian-standard-bible	2009	2009
International-Childrens-Bible-ICB	International Children’s Bible (ICB)	ICB	biblegateway.com	eng	27	260	7923	203186	copyrighted	international-childrens-bible	2015	2015
International-Standard-Version-ISV-Bible	International Standard Version (ISV)	ISV	biblegateway.com	eng	27	260	7953	179118	copyrighted	international-standard-version	2.0 (2014)	2014
JB-Phillips-New-Testament	J.B. Phillips New Testament (PHILLIPS)	PHILLIPS	biblegateway.com	eng	27	260	3223	196956	copyrighted	jb-phillips-new-testament	1958	1958
Jubilee-Bible-2000-JUB	Jubilee Bible 2000 (JUB)	JUB	biblegateway.com	eng	27	260	7957	184411	open_license	jubilee-bible	2000	2000
King-James-Version-KJV-Bible	King James Version (KJV)	KJV	biblegateway.com	eng	27	260	7957	180402	public_domain	king-james-version	1769	1769
Authorized-King-James-Version-AKJV-Bible	Authorized (King James) Version (AKJV)	AKJV	biblegateway.com	eng	27	260	7957	181010	public_domain	king-james-version	1769	1769
Legacy-Standard-Bible-LSB-Bible	Legacy Standard Bible (LSB)	LSB	biblegateway.com	eng	27	260	7958	185318	copyrighted	legacy-standard-bible	2021	2021
Lexham-English-Bible-LEB	Lexham English Bible (LEB)	LEB	biblegateway.com	eng	27	260	7939	186673	open_license	lexham-english-bible	2012	2012
The-Living-Bible-TLB	Living Bible (TLB)	TLB	biblegateway.com	eng	27	260	7590	196405	copyrighted	living-bible	1971	1971
Message-MSG-Bible	The Message (MSG)	MSG	biblegateway.com	eng	27	260	3469	191948	copyrighted	the-message-bible	1993	1993
Modern-English-Version-MEV-Bible	Modern English Version (MEV)	MEV	biblegateway.com	eng	27	260	7957	174332	copyrighted	modern-english-version	2014	2014
Mounce-Reverse-Interlinear-New-Testament	Mounce Reverse Interlinear New Testament (MOUNCE)	MOUNCE	biblegateway.com	eng	27	260	7940	217383	copyrighted	mounce-reverse-interlinear-new-testament	2011	2011
Names-of-God-NOG-Bible	Names of God Bible (NOG)	NOG	biblegateway.com	eng	27	260	7943	180570	copyrighted	names-of-god-bible	2011	2011
New-American-Bible-Revised-Edition-NABRE-Bible	New American Bible (Revised Edition) (NABRE)	NABRE	biblegateway.com	eng	27	260	7958	172489	copyrighted	new-american-bible-revised-edition	1968	1968
New-American-Standard-Bible-NASB	New American Standard Bible (NASB)	NASB	biblegateway.com	eng	27	260	7945	186953	copyrighted	new-american-standard-bible	2020	2020
New-American-Standard-Bible-NASB1995	New American Standard Bible 1995 (NASB1995)	NASB1995	biblegateway.com	eng	27	260	7958	184525	copyrighted	new-american-standard-bible	1995	1995
New-Catholic-Bible-NCB-Bible	New Catholic Bible (NCB)	NCB	biblegateway.com	eng	27	260	7941	182524	copyrighted	new-catholic-bible	2015	2015
New-Century-Version-NCV-Bible	New Century Version (NCV)	NCV	biblegateway.com	eng	27	260	7939	191170	copyrighted	new-century-version	1983	1983
New-English-Translation-NET-Bible	New English Translation (NET Bible)	NET	biblegateway.com	eng	27	260	7943	179459	open_license	net-bible	v2 (2017)	2017
New-International-Readers-Version-NIRV-Bible	New International Reader's Version (NIRV)	NIRV	biblegateway.com	eng	27	260	7942	200480	copyrighted	new-international-readers-version	2014	2014
New-International-Version-NIV-Bible	New International Version (NIV)	NIV	biblegateway.com	eng	27	260	7942	176087	copyrighted	new-international-version	2011	2011
New-International-Version-UK-NIVUK-Bible	New International Version - UK (NIVUK)	NIVUK	biblegateway.com	eng	27	260	7941	176784	copyrighted	new-international-version-uk	1984	1984
New-King-James-Version-NKJV-Bible	New King James Version (NKJV)	NKJV	biblegateway.com	eng	27	260	7957	178097	copyrighted	new-king-james-version	1979	1979
New-Life-Version-NLV-Bible	New Life Version (NLV)	NLV	biblegateway.com	eng	27	260	7957	204236	copyrighted	new-life-version	1969	1969
New-Living-Translation-NLT-Bible	New Living Translation (NLT)	NLT	biblegateway.com	eng	27	260	7943	186417	copyrighted	new-living-translation	2015	2015
New-Matthew-Bible-NMB	New Matthew Bible (NMB)	NMB	biblegateway.com	eng	27	260	7955	189775	copyrighted	new-matthew-bible	2016	2016
New-Revised-Standard-Version-Anglicised-NRSVA-Bible	New Revised Standard Version, Anglicised (NRSVA)	NRSVA	biblegateway.com	eng	27	260	7940	176282	copyrighted	new-revised-standard-version-anglicised-edition	1995	1995
New-Revised-Standard-Version-Anglicised-Catholic-Edition-NRSVACE-Bible	New Revised Standard Version, Anglicised Catholic Edition (NRSVACE)	NRSVACE	biblegateway.com	eng	27	260	7940	176282	copyrighted	new-revised-standard-version-anglicised-catholic	1989	1989
New-Revised-Standard-Version-Catholic-Edition-NRSVCE-Bible	New Revised Standard Version Catholic Edition (NRSVCE)	NRSVCE	biblegateway.com	eng	27	260	7940	176251	copyrighted	new-revised-standard-version-catholic-edition	1991	1991
New-Revised-Standard-Version-Updated-Edition-NRSVue-Bible	New Revised Standard Version Updated Edition (NRSVUE)	NRSVUE	biblegateway.com	eng	27	260	7941	176615	copyrighted	new-revised-standard-version-updated-edition	2021	2021
New-Testament-for-Everyone-NTFE	New Testament for Everyone (NTFE)	NTFE	biblegateway.com	eng	27	260	7943	184149	copyrighted	nt-wright-new-testament-for-everyone	3rd edition	2023
Orthodox-Jewish-Bible-OJB	Orthodox Jewish Bible (OJB)	OJB	biblegateway.com	eng	27	260	7959	224064	open_license	orthodox-jewish-bible	2002	2002
Revised-Geneva-Translation-RGT-Bible	Revised Geneva Translation (RGT)	RGT	biblegateway.com	eng	27	260	7953	180059	copyrighted	revised-geneva-translation	2024	2024
Revised-Standard-Version-RSV-Bible	Revised Standard Version (RSV)	RSV	biblegateway.com	eng	27	260	7934	173200	copyrighted	revised-standard-version	1971 (2nd edition)	1971
Revised-Standard-Version-Catholic-Edition-RSVCE-Bible	Revised Standard Version Catholic Edition (RSVCE)	RSVCE	biblegateway.com	eng	27	260	7939	173339	copyrighted	revised-standard-version-catholic-edition	1971 (2nd edition)	1971
Tree-of-Life-Version-TLV-Bible	Tree of Life Version (TLV)	TLV	biblegateway.com	eng	27	260	7951	174613	copyrighted	tree-of-life-version	2014	2014
The-Voice-Bible	The Voice (VOICE)	VOICE	biblegateway.com	eng	27	260	7773	215376	copyrighted	the-voice-bible	2011	2011
World-English-Bible-WEB	World English Bible (WEB)	WEB	biblegateway.com	eng	27	260	7957	174762	public_domain	world-english-bible	2020	2020
Worldwide-English-New-Testament-WE	Worldwide English (New Testament) (WE)	WE	biblegateway.com	eng	27	260	7840	205536	copyrighted	worldwide-english-new-testament	1996	1996
Wycliffe-Bible-WYC	Wycliffe Bible (WYC)	WYC	biblegateway.com	eng	27	260	7956	224495	copyrighted	wycliffe-bible-modern-spelling	2001	2001
Youngs-Literal-Translation-YLT-Bible	Young's Literal Translation (YLT)	YLT	biblegateway.com	eng	27	260	7957	186761	public_domain	youngs-literal-translation	1898	1898
La-Biblia-de-las-Américas-LBLA	La Biblia de las Américas (LBLA)	LBLA	biblegateway.com	spa	27	260	7958	180169	copyrighted	la-biblia-de-las-americas	1986	1986
Jubilee-Bible-2000-Spanish-JBS	Biblia del Jubileo (JBS)	JBS	biblegateway.com	spa	27	260	7957	167614	copyrighted	biblia-del-jubileo	2000	2000
Dios-Habla-Hoy-DHH-Biblia	Dios Habla Hoy (DHH)	DHH	biblegateway.com	spa	27	260	7912	182164	copyrighted	dios-habla-hoy	1994	1994
Nueva-Biblia-de-las-Américas-NBLA	Nueva Biblia de las Américas (NBLA)	NBLA	biblegateway.com	spa	27	260	7958	180342	copyrighted	nueva-biblia-de-las-americas	1986	1986
Nueva-Biblia-Viva-NBV	Nueva Biblia Viva (NBV)	NBV	biblegateway.com	spa	27	260	7880	174525	copyrighted	nueva-biblia-viva	2008	2008
Nueva-Traduccion-Viviente-Biblia-NTV	Nueva Traducción Viviente (NTV)	NTV	biblegateway.com	spa	27	260	7943	188975	copyrighted	nueva-traduccion-viviente	2010	2010
Nueva-Version-Internacional-Castilian-Biblia-CST	Nueva Versión Internacional (Castilian) (CST)	CST	biblegateway.com	spa	27	260	7934	169568	copyrighted	nueva-version-internacional	2018	2018
Nueva-Version-Internacional-Biblia-NVI	Nueva Versión Internacional (NVI)	NVI	biblegateway.com	spa	27	260	7958	169801	copyrighted	nueva-version-internacional	2015	2015
Palabra-de-Dios-para-Todos-Biblia-PDT	Palabra de Dios para Todos (PDT)	PDT	biblegateway.com	spa	27	260	7948	186379	copyrighted	palabra-de-dios-para-todos	2015	2015
Biblia-La-Palabra-España-BLP	La Palabra (España) (BLP)	BLP	biblegateway.com	spa	27	260	7953	179640	copyrighted	la-palabra-espana	2010 (3rd edition)	2010
Biblia-La-Palabra-Hispanoamérica-BLPH	La Palabra (Hispanoamérica) (BLPH)	BLPH	biblegateway.com	spa	27	260	7953	180267	copyrighted	la-palabra-hispanoamericana	2010 (3rd edition)	2010
Reina-Valera-Actualizada-RVA2015-Biblia	Reina Valera Actualizada (RVA-2015)	RVA-2015	biblegateway.com	spa	27	260	7959	168372	copyrighted	reina-valera-actualizada	2015	2015
Reina-Valera-Contemporanea-Biblia-RVC	Reina Valera Contemporánea (RVC)	RVC	biblegateway.com	spa	27	260	7958	173681	copyrighted	reina-valera-contemporanea	2009	2009
Reina-Valera-1960-RVR1960-Biblia	Reina-Valera 1960 (RVR1960)	RVR1960	biblegateway.com	spa	27	260	7958	165901	copyrighted	reina-valera	1960	1960
Reina-Valera-Revisada-RVR	Reina Valera Revisada (RVR1977)	RVR1977	biblegateway.com	spa	27	260	7957	168599	copyrighted	reina-valera-revisada	1977	1977
Reina-Valera-1995-RVR1995-Biblia	Reina-Valera 1995 (RVR1995)	RVR1995	biblegateway.com	spa	27	260	7958	163551	copyrighted	reina-valera	1995	1995
Reina-Valera-Antigua-RVA-Biblia	Reina-Valera Antigua (RVA)	RVA	biblegateway.com	spa	27	260	7956	164095	public_domain	reina-valera-antigua	1602	1602
Spanish-Blue-Red-Gold-Letter-Edition-SRV-BRG	Spanish Blue Red and Gold Letter Edition (SRV-BRG)	SRV-BRG	biblegateway.com	spa	27	260	7957	164181	public_domain	reina-valera	1909	1909
Traducción-en-lenguaje-actual-TLA-Biblia	Traducción en lenguaje actual (TLA)	TLA	biblegateway.com	spa	27	260	7655	197738	copyrighted	lenguaje-actual	2002	2002
La-Bible-du-Semeur-BDS	La Bible du Semeur (BDS)	BDS	biblegateway.com	fra	27	260	7945	203090	copyrighted	bible-du-semeur	2015	2015
Louis-Segond-LSG	Louis Segond (LSG)	LSG	biblegateway.com	fra	27	260	7957	174165	public_domain	louis-segond	1910	1910
Nouvelle-Edition-de-Geneve-NEG1979-Bible	Nouvelle Edition de Genève – NEG1979 (NEG1979)	NEG1979	biblegateway.com	fra	27	260	7957	174359	copyrighted	geneva-bible	1979	1979
Segond-21-SG21-Bible	Segond 21 (SG21)	SG21	biblegateway.com	fra	27	260	7957	179526	copyrighted	segond-21	2007	2007
La-Bibbia-della-Gioia-BDG	La Bibbia della Gioia (BDG)	BDG	biblegateway.com	ita	27	260	7588	187350	copyrighted	la-bibbia-della-gioia	2005	2005
Conferenza-Episcopale-Italiana-CEI	Conferenza Episcopale Italiana (CEI)	CEI	biblegateway.com	ita	27	260	7952	158826	public_domain	conferenza-episcopale-italiana	1974	1974
La-Nuova-Diodati-LND	La Nuova Diodati (LND)	LND	biblegateway.com	ita	27	260	7957	165684	copyrighted	nuova-diodati	1991	1991
Nuova-Riveduta-1994-NR1994	Nuova Riveduta 1994 (NR1994)	NR1994	biblegateway.com	ita	27	260	7957	162067	copyrighted	nuova-riveduta	1994	1994
Nuova-Riveduta-2006-NR2006	Nuova Riveduta 2006 (NR2006)	NR2006	biblegateway.com	ita	27	260	7958	164152	copyrighted	nuova-riveduta	2006	2006
Nowe-Przymierze	Nowe Przymierze (NP)	NP	biblegateway.com	pol	27	260	7954	142485	copyrighted	eib-nowe-przymierze-literary	2011	2011
Słowo-Życia-SZ	Słowo Życia (SZ-PL)	SZ-PL	biblegateway.com	pol	27	260	7916	139460	open_license	slowo-zycia	2016	2016
Updated-Gdańsk-Bible-UBG	Updated Gdańsk Bible (UBG)	UBG	biblegateway.com	pol	27	260	7957	138776	open_license	uwspolczesniona-biblia-gdanska	2017	2017
csb	Holman Christian Standard Bible	csb	biblestudytools.com	eng	27	260	7956	175376	copyrighted	holman-christian-standard-bible	2004	2004
esv	English Standard Version	esv	biblestudytools.com	eng	27	260	7941	181231	copyrighted	english-standard-version	2025	2025
kjv	King James Version	kjv	biblestudytools.com	eng	27	260	7959	189168	public_domain	king-james-version	1769	1769
msg	The Message Bible	msg	biblestudytools.com	eng	27	260	7938	192246	copyrighted	the-message-bible	1st edition (1993)	1993
nas	New American Standard Bible	nas	biblestudytools.com	eng	27	260	7958	206861	copyrighted	new-american-standard-bible	1995	1995
niv	New International Version	niv	biblestudytools.com	eng	27	260	7941	179350	copyrighted	new-international-version	2011	2011
nkjv	New King James Version	nkjv	biblestudytools.com	eng	27	260	7959	177928	copyrighted	new-king-james-version	1979	1979
nlt	New Living Translation	nlt	biblestudytools.com	eng	27	260	7959	186363	copyrighted	new-living-translation	2013	2013
nrs	New Revised Standard	nrs	biblestudytools.com	eng	27	260	7959	176287	copyrighted	new-revised-standard-version	1989	1989
asv	American Standard Version	asv	biblestudytools.com	eng	27	260	7959	180067	public_domain	american-standard-version	1901	1901
bbe	The Bible in Basic English	bbe	biblestudytools.com	eng	27	260	7959	200864	public_domain	bible-in-basic-english	1965	1965
bsb	Berean Standard Bible	bsb	biblestudytools.com	eng	27	260	7941	175837	public_domain	berean-standard-bible	2016	2016
ceb	Common English Bible	ceb	biblestudytools.com	eng	27	260	7942	179853	copyrighted	common-english-bible	2011	2011
ceba	Common English Bible w/ Apocrypha	ceba	biblestudytools.com	eng	27	260	7942	179847	copyrighted	common-english-bible	2011	2011
cjb	The Complete Jewish Bible	cjb	biblestudytools.com	eng	27	260	7952	183916	public_domain	complete-jewish-bible	1998	1998
dby	The Darby Translation	dby	biblestudytools.com	eng	27	260	7959	179304	public_domain	eng-darby-translation	1884	1884
gnt	Good News Translation	gnt	biblestudytools.com	eng	27	260	7898	193123	copyrighted	good-news	2nd edition (1992)	1992
gnta	Good News Translation w/ Apocrypha	gnta	biblestudytools.com	eng	27	260	7898	193123	copyrighted	good-news	2nd edition (1992)	1992
gw	GOD'S WORD Translation	gw	biblestudytools.com	eng	27	260	7959	179937	copyrighted	gods-word-translation	1995	1995
hnv	Hebrew Names Version	hnv	biblestudytools.com	eng	27	260	7959	175839	public_domain	world-english-bible-messianic-edition	2020	2020
jub	Jubilee Bible 2000	jub	biblestudytools.com	eng	27	260	7957	183388	open_license	jubilee-bible	2000	2000
kjva	King James Version w/ Apocrypha	kjva	biblestudytools.com	eng	27	260	7959	189186	public_domain	king-james-version	1769	1769
leb	Lexham English Bible	leb	biblestudytools.com	eng	27	260	7939	189706	open_license	lexham-english-bible	2012	2012
ncv	New Century Version	ncv	biblestudytools.com	eng	27	260	7959	191549	copyrighted	new-century-version	1991	1991
nirv	New International Reader's Version	nirv	biblestudytools.com	eng	27	260	7941	201139	copyrighted	new-international-readers-version	1998	1998
nrsa	New Revised Standard w/ Apocrypha	nrsa	biblestudytools.com	eng	27	260	7959	176287	copyrighted	new-revised-standard-version	1989	1989
rhe	Douay-Rheims Catholic Bible	rhe	biblestudytools.com	eng	27	260	7957	178826	public_domain	douay-rheims	1899 (american edition)	1899
rsv	Revised Standard Version	rsv	biblestudytools.com	eng	27	260	7959	173306	copyrighted	revised-standard-version	2nd edition (1971)	1971
rsva	Revised Standard Version w/ Apocrypha	rsva	biblestudytools.com	eng	27	260	7959	173306	copyrighted	revised-standard-version	2nd edition (1971)	1971
tmb	Third Millennium Bible	tmb	biblestudytools.com	eng	27	260	7959	181169	copyrighted	third-millennium-bible	1998	1998
tmba	Third Millennium Bible w/ Apocrypha	tmba	biblestudytools.com	eng	27	260	7959	181169	copyrighted	third-millennium-bible	1998	1998
tyn	Tyndale	tyn	biblestudytools.com	eng	27	260	7956	181970	public_domain	tyndale-bible	1534	1534
wbt	The Webster Bible	wbt	biblestudytools.com	eng	27	260	7959	179981	public_domain	webster-bible	1833	1833
web	World English Bible	web	biblestudytools.com	eng	27	260	7959	175516	public_domain	world-english-bible	2020	2020
wnt	Weymouth New Testament	wnt	biblestudytools.com	eng	27	260	7959	193531	public_domain	weymouth-new-testament	1903	1903
wyc	Wycliffe	wyc	biblestudytools.com	eng	27	260	7959	234823	copyrighted	wycliffe-bible-modern-spelling	2001	2001
ylt	Young's Literal Translation	ylt	biblestudytools.com	eng	27	260	7959	186767	public_domain	youngs-literal-translation	1898	1898
engasvbt	ASV Byzantine Text	engasvbt	ebible.org	eng	27	260	7948	181590	public_domain	american-standard-version	2021	2021
engBBE	Bible in Basic English	engBBE	ebible.org	eng	27	260	7955	200874	public_domain	bible-in-basic-english	1965	1965
engbsb	English Berean Standard Bible	engbsb	ebible.org	eng	27	260	7939	171708	public_domain	berean-standard-bible	2020	2020
engDBY	Darby Translation	engDBY	ebible.org	eng	27	260	7952	179263	public_domain	eng-darby-translation	1884	1884
engDRA	Douay-Rheims 1899	engDRA	ebible.org	eng	27	260	7949	178920	public_domain	douay-rheims	1899 (american edition)	1899
engemtv	English Majority Text Version	engemtv	ebible.org	eng	27	260	7949	181245	open_license	majority-text-version	2014	2014
engf35	Family 35 NT	engf35	ebible.org	eng	27	260	7948	177738	open_license	family-35-nt	2016	2016
engfbv	Free Bible Version	engfbv	ebible.org	eng	27	260	7940	176353	open_license	free-bible-version	<= 3	2018
enggnv	Geneva Bible 1599	enggnv	ebible.org	eng	27	260	7952	181921	public_domain	geneva-bible	1599	1599
engkjvcpb	KJV Cambridge Paragraph	engkjvcpb	ebible.org	eng	27	260	7955	180535	public_domain	king-james-version-cambridge-paragraph-bible	1873	1873
englsv	English LSV	englsv	ebible.org	eng	27	260	7957	181033	open_license	literal-standard-version	2020	2020
engnoy	Noyes Bible	engnoy	ebible.org	eng	27	260	7936	178716	public_domain	noyes-bible	1869	1869
engoebcw	Open English Bible (Commonwealth)	engoebcw	ebible.org	eng	27	260	7938	190627	public_domain	open-english-bible-commonwealth	2025.5	2025
engoebus	Open English Bible (US)	engoebus	ebible.org	eng	27	260	7938	190627	public_domain	open-english-bible-us	2025.5	2025
engtcent	Text-Critical English NT	engtcent	ebible.org	eng	27	260	7948	181381	open_license	text-critical-english-nt	2022	2022
engtnt	Tyndale NT	engtnt	ebible.org	eng	27	260	7952	181948	public_domain	tyndale-bible	1534	1534
engULB	Unlocked Literal Bible	engULB	ebible.org	eng	27	260	7941	182215	open_license	unlocked-literal-bible	2017	2017
engwebp	World English Bible	engwebp	ebible.org	eng	27	260	7948	174634	public_domain	world-english-bible	2020	2020
engwebpb	World English Bible British Edition	engwebpb	ebible.org	eng	27	260	7948	174650	public_domain	world-english-bible-british-edition	2020	2020
engwebster	Webster Bible	engwebster	ebible.org	eng	27	260	7955	180544	public_domain	webster-bible	1833	1833
engwebu	World English Bible Updated	engwebu	ebible.org	eng	27	260	7948	174634	public_domain	world-english-bible-updated	2022	2022
engwmb	World Messianic Bible	engwmb	ebible.org	eng	27	260	7948	174849	public_domain	world-english-bible-messianic-edition	2022	2022
engwmbb	World Messianic Bible British Edition	engwmbb	ebible.org	eng	27	260	7948	174865	public_domain	world-english-bible-messianic-edition-british	2022	2022
engylt	Young's Literal Translation	engylt	ebible.org	eng	27	260	7955	186743	public_domain	youngs-literal-translation	1898	1898
fra_fob	French Ostervald Bible	fra_fob	ebible.org	fra	27	260	7957	177635	public_domain	ostervald	1996	1996
fraLSG	French Louis Segond 1910 Bible	fraLSG	ebible.org	fra	27	260	7957	173184	public_domain	louis-segond	1910	1910
francl	French néo-Crampon Libre	francl	ebible.org	fra	27	260	7953	185883	open_license	neo-crampon-libre	2022	2022
frasbl	French Free Holy Bible for the World	frasbl	ebible.org	fra	27	260	7948	181954	public_domain	sainte-bible-libre	2022	2022
ita1885	Italian Diodati Bible	ita1885	ebible.org	ita	27	260	7954	167885	public_domain	diodati-bible	1885	1885
ita1927	Italian Riveduta Bible	ita1927	ebible.org	ita	27	260	7955	163657	public_domain	riveduta	1927	1927
polsz	Polish Słowo Życia, otwarty dostęp NT	polsz	ebible.org	pol	27	260	7956	139492	open_license	slowo-zycia	2016	2016
polubg	Polish Updated Gdansk Bible	polubg	ebible.org	pol	27	260	7955	138310	open_license	uwspolczesniona-biblia-gdanska	2017	2017
spabes	La Biblia en Español Sencillo	spabes	ebible.org	spa	27	260	7955	182438	open_license	la-biblia-en-espanol-sencillo	2018	2018
spablm	Spanish Free Bible for the World	spablm	ebible.org	spa	27	260	7948	165373	public_domain	spanish-free-bible-for-the-world	2022	2022
spapddpt	Spanish Bible (God's Word for You)	spapddpt	ebible.org	spa	27	260	7957	154230	open_license	palabra-de-dios-para-ti	2020	2020
spaRV1909	Reina Valera 1909	spaRV1909	ebible.org	spa	27	260	7955	164205	public_domain	reina-valera	1909	1909
spavbl	Spanish Free Bible Version	spavbl	ebible.org	spa	27	260	7939	179155	open_license	biblia-libre	2020	2018
BRZESKA.TRANS.	Biblia Brzeska - transliteracja [1563]	BRZESKA.TRANS.	bibliepolskie.pl	pol	27	260	7942	142235	public_domain	biblia-brzeska	1563	1563
BUDNY.1574	Nowy Testament - Szymon Budny [1574]	BUDNY.1574	bibliepolskie.pl	pol	27	260	7929	126992	public_domain	szymon-budny	1574	1574
WUJEK.1923	Biblia Jakuba Wujka [1923]	WUJEK.1923	bibliepolskie.pl	pol	27	260	7942	133136	public_domain	biblia-jakuba-wujka	1923	1923
RAKOW.NT	Nowy Testament - Rakowski [1606]	RAKOW.NT	bibliepolskie.pl	pol	27	260	7941	137228	public_domain	rakowski-nt	1606	1606
GDAŃSKA.1881	Biblia Gdańska [1881?]	GDAŃSKA.1881	bibliepolskie.pl	pol	27	260	7942	139771	public_domain	biblia-gdanska	1881	1881
GDAŃSKA.2017	Uwspółcześniona Biblia Gdańska [2017]	GDAŃSKA.2017	bibliepolskie.pl	pol	27	260	7942	133700	open_license	uwspolczesniona-biblia-gdanska	2017	2017
SOŁOWEYCZYK.MAT	Sołoweyczyk - Ewangelia Mateusza [1879]	SOŁOWEYCZYK.MAT	bibliepolskie.pl	pol	1	28	1069	17341	public_domain	soloweyczyk	1879	1879
SZCZEPAŃSKI	Ewangelie i Dzieje Apostolskie - ks. W. Szczepański [1917]	SZCZEPAŃSKI	bibliepolskie.pl	pol	5	117	4772	83277	public_domain	szczepanski	1917	1917
MARIAWICI	Przekład Mariawitów - Nowy Testament [1921]	MARIAWICI	bibliepolskie.pl	pol	27	260	7942	142596	copyrighted	mariawici	1921 (I)	1921
GRZYM.1936	Ewangelia Święta - ks. E.Grzymała [1936]	GRZYM.1936	bibliepolskie.pl	pol	4	89	3769	61268	public_domain	grzymala	1936 (I)	1936
GRZYM.1937	Ewangelia Święta + Dzieje Apostolskie - ks. E.Grzymała [1937]	GRZYM.1937	bibliepolskie.pl	pol	5	117	4772	80353	public_domain	grzymala	1937 (II)	1937
DĄBR.WUL.1973	Ks. Eugeniusz Dąbrowski - Nowy Testament z Wulgaty [1973]	DĄBR.WUL.1973	bibliepolskie.pl	pol	27	260	7942	136459	copyrighted	dabrowski-wulgata	1973 (II)	1973
DĄBR.GR.1961	Ks. Eugeniusz Dąbrowski - Nowy Testament z greckiego [1961]	DĄBR.GR.1961	bibliepolskie.pl	pol	27	260	7941	136189	copyrighted	dabrowski-greka	1961 (II)	1961
TYSIĄCL.WYD5	Biblia Tysiąclecia - wyd.5 [2000]	TYSIĄCL.WYD5	bibliepolskie.pl	pol	27	260	7941	138416	copyrighted	biblia-tysiaclecia	V (2000)	2000
BRYTYJKA	Biblia warszawska (brytyjka) [1975]	BRYTYJKA	bibliepolskie.pl	pol	27	260	7942	139124	copyrighted	biblia-warszawska	1975	1975
WARSZ.PRASKA	Biblia warszawsko-praska [1997]	WARSZ.PRASKA	bibliepolskie.pl	pol	27	260	7942	151224	copyrighted	biblia-warszawsko-praska	1997	1997
ŚLĄSKIE.TOW.BIB.	Nowa Biblia Gdańska [2012]	ŚLĄSKIE.TOW.BIB.	bibliepolskie.pl	pol	27	260	7942	140253	copyrighted	nowa-biblia-gdanska	2012	2012
EIB.BIBLIA.2016.LIT	Biblia to jest Pismo Święte Starego i Nowego Przymierza - liter. [2016]	EIB.BIBLIA.2016.LIT	bibliepolskie.pl	pol	27	260	7942	141345	copyrighted	eib-nowe-przymierze-literary	2016	2016
TOR.PRZ.2023	Przekład toruński [2023]	TOR.PRZ.2023	bibliepolskie.pl	pol	27	260	7942	134595	copyrighted	przeklad-torunski	2023	2023
KJV.POL.2025	Biblia Króla Jakuba [2025]	KJV.POL.2025	bibliepolskie.pl	pol	27	260	7942	146164	open_license	biblia-krola-jakuba	2025 (I)	2025
VW	VW-Edition Bible (2010)	VW	obohu.cz	eng	27	260	7957	178876	copyrighted	vw-edition-bible	2010	2010
KJ	King James Bible - with Strong’s numbers (EN)	KJ	obohu.cz	eng	27	260	7957	183475	public_domain	king-james-version	1769	1769
KJ2	King James 2000 Bible	KJ2	obohu.cz	eng	27	260	7957	180281	copyrighted	king-james-version-2000	2000	2000
KJ3	King James 3 - The Literal Translation	KJ3	obohu.cz	eng	27	260	7951	181541	copyrighted	greens-literal-translation	1985	1985
RNKJ	The Restored Name King James Version	RNKJ	obohu.cz	eng	27	260	7957	180595	open_license	restored-name-king-james-version	2012	2012
ASV	American Standard Version (EN)	ASV	obohu.cz	eng	27	260	7957	180389	public_domain	american-standard-version	1901	1901
ASVS	American Standard Version (1901) - with Strong’s numbers	ASVS	obohu.cz	eng	27	260	7941	179868	public_domain	american-standard-version	1901	1901
IAV	Israeli Authorized Version (2001)	IAV	obohu.cz	eng	27	260	7957	180446	copyrighted	israeli-authorized-version	2001	2001
DB	Darby Bible (EN)	DB	obohu.cz	eng	27	260	7957	179295	public_domain	eng-darby-translation	1884	1884
LEB	Lexham English Bible	LEB	obohu.cz	eng	27	260	7939	185703	open_license	lexham-english-bible	2012	2012
WEB	World English Bible (EN)	WEB	obohu.cz	eng	27	260	7958	175213	public_domain	world-english-bible	2020	2020
YLT	Young’s Literal Translation (EN)	YLT	obohu.cz	eng	27	260	7957	186776	public_domain	youngs-literal-translation	1898	1898
LITV	Green’s Literal Translation (1985) (EN)	LITV	obohu.cz	eng	27	260	7957	179121	copyrighted	greens-literal-translation	1985	1985
NET	NET Bible	NET	obohu.cz	eng	27	260	7958	179255	open_license	net-bible	v1 (2006)	2006
THO	Charles Thomson - translation of LXX and NT (1808)	THO	obohu.cz	eng	27	260	7957	182290	public_domain	charles-thomson	1808	1808
WEBS	Webster Bible (1833) - with Strong’s numbers (EN)	WEBS	obohu.cz	eng	27	260	7957	181305	public_domain	webster-bible	1833	1833
ROT	The J.B. Rotherham Emphasized Bible (1902)	ROT	obohu.cz	eng	27	260	7945	190803	public_domain	rotherham-emphasized-bible	1902	1902
ETHE	John Wesley Etheridge - translation of the Western Peshitta	ETHE	obohu.cz	eng	27	260	7940	184506	public_domain	john-wesley-etheridge	1849	1849
LAMSA	Dr George Lamsa Bible - Aramaic Eastern Peshitta translation	LAMSA	obohu.cz	eng	27	260	7957	186181	copyrighted	lamsa-bible	1933	1933
MURD	Dr James Murdock -  translation of the Western Peshitto (NT - 1852)	MURD	obohu.cz	eng	27	260	7942	185783	public_domain	murdock-peshitta	1852	1852
T2001	2001 Translation - An American English Bible	T2001	obohu.cz	eng	27	260	7928	185935	open_license	2001-translation	2001	2001
KJPCE	King James Bible - Pure Cambridge Edition	KJPCE	obohu.cz	eng	27	260	7957	180570	public_domain	king-james-version	1769	1769
TS98	The Scriptures 1998	TS98	obohu.cz	eng	27	260	7957	179525	copyrighted	the-scriptures	1998	1998
JESP	Julia Evelina Smith Parker (1876)	JESP	obohu.cz	eng	27	260	7957	171491	public_domain	smiths-literal-translation	1876	1876
CJB	Complete Jewish Bible (1998)	CJB	obohu.cz	eng	27	260	7958	183612	public_domain	complete-jewish-bible	1998	1998
MIT	MIT - The Idiomatic Translation of the New Testament (2006)	MIT	obohu.cz	eng	27	260	7935	179859	copyrighted	mit-idiomatic-translation-of-the-new-testament	2006	2006
MOF	James Moffatt - New Testament (1913)	MOF	obohu.cz	eng	27	260	7957	175304	public_domain	james-moffatt-new-testament	1913	1913
ESV	English Standard Version (2007)	ESV	obohu.cz	eng	27	260	7958	252538	copyrighted	english-standard-version	2007	2007
NWTEN	New World Translation of the Holy Scriptures (2013)	NWTEN	obohu.cz	eng	27	260	7957	188774	copyrighted	eng-new-world-translation	2013	2013
RV	Reina Valera 1909 - with Strong number (ESP)	RV	obohu.cz	spa	27	260	7945	165038	public_domain	reina-valera	1909	1909
RV1	Reina Valera (NT - 1858) (ESP)	RV1	obohu.cz	spa	27	260	7956	165293	public_domain	reina-valera	1858	1858
RV2	Reina Valera (1870)	RV2	obohu.cz	spa	27	260	7957	168470	public_domain	reina-valera	1870	1870
RVR	Reina Valera 1865 - revised version (2014)	RVR	obohu.cz	spa	27	260	7957	170926	copyrighted	reina-valera-revised-version	2014	2014
RVA	Reina Valera updated (1989)	RVA	obohu.cz	spa	27	260	7958	167478	copyrighted	reina-valera-updated	1989	1989
RV3	Reina Valera (1995)	RV3	obohu.cz	spa	27	260	7958	163876	copyrighted	reina-valera	1995	1995
RVG	Reina Valera Gómez (2004) (ESP)	RVG	obohu.cz	spa	27	260	7957	165972	open_license	reina-valera-gomez	2004	2004
ESC	Sagradas Escrituras (1569) (ESP)	ESC	obohu.cz	spa	27	260	7957	166665	public_domain	sagradas-escrituras	1569	1569
SBJ	Jerusalem Bible - Spanish translation (1976)	SBJ	obohu.cz	spa	27	260	7941	163823	copyrighted	spa-jerusalem-bible	1976	1976
SBJ1	Jerusalem Bible - Spanish translation (2001)	SBJ1	obohu.cz	spa	27	260	7956	161923	copyrighted	spa-jerusalem-bible	2001	2001
BLA	Latin America Bible (1995)	BLA	obohu.cz	spa	27	260	7956	171011	copyrighted	la-biblia-latinoamericana	1995	1995
PRATT	H.B. Pratt (1929)	PRATT	obohu.cz	spa	27	260	7957	174159	public_domain	hb-pratt	1929	1929
NVI	NVI - New International Version (1999)	NVI	obohu.cz	spa	27	260	7957	170369	copyrighted	nueva-version-internacional	1999	1999
JUN	Jünemann Bible (ESP - 1992)	JUN	obohu.cz	spa	27	259	7945	151897	public_domain	junemann-bible	1928	1928
LBLA	American Bible (ESP - 1997)	LBLA	obohu.cz	spa	27	260	7958	169602	copyrighted	la-biblia-de-las-americas	1997	1997
PESE	Peshitta (NT) - Spanish traducción	PESE	obohu.cz	spa	27	260	7957	173556	copyrighted	peshitta-espanol	2017	2017
FBBB	Bovet Bonnet - French translation (1900)	FBBB	obohu.cz	fra	27	260	7957	185725	public_domain	bovet-bonnet	1900	1900
FBAC	Augustin Crampon - French translation (1923)	FBAC	obohu.cz	fra	27	260	7956	180469	public_domain	bible-crampon	1923	1923
FBJ	Jerusalem Bible - French translation (1999)	FBJ	obohu.cz	fra	27	260	7939	171789	copyrighted	fra-jerusalem-bible	1999	1999
FBS	Sacy Bible (Port-Royal) (FR - 1759)	FBS	obohu.cz	fra	27	260	7890	191595	public_domain	sacy-bible	1759	1759
KJF	French King James Bible (2006)	KJF	obohu.cz	fra	27	259	7943	179714	open_license	french-king-james-bible	2006	2006
FBM	Bible Machaira (Jean leDuc - 2013)	FBM	obohu.cz	fra	27	260	7959	181552	copyrighted	bible-machaira	2013	2013
FR	Louis Segond 1910 (FR)	FR	obohu.cz	fra	27	260	7957	173796	public_domain	louis-segond	1910	1910
LSS	Louis Segond 1910 (FR) - with Strong’s numbers	LSS	obohu.cz	fra	27	260	7956	176158	public_domain	louis-segond	1910	1910
DBF	Darby Bible (FR)	DBF	obohu.cz	fra	27	260	7957	178845	public_domain	fra-darby-translation	1885	1885
OST	J. F. Ostervald 1996 - revision 2008 (FR)	OST	obohu.cz	fra	27	260	7955	184249	public_domain	ostervald-godieu-levigilant	2008	2008
DM07	David Martin (1707) - French translation	DM07	obohu.cz	fra	27	260	7951	182924	public_domain	bible-martin	1707	1707
MART	David Martin (1744) - French translation	MART	obohu.cz	fra	27	260	7958	186034	public_domain	bible-martin	1744	1744
GENF	The Geneva Bible - French translation of the NT (1669)	GENF	obohu.cz	fra	27	260	7957	177642	public_domain	geneva-bible	1669	1669
BDP	Bible des Peuples - French translation (1994)	BDP	obohu.cz	fra	27	260	7955	177734	copyrighted	bible-des-peuples	1994	1994
LCF	Louis-Claude Fillion - French translation (1904)	LCF	obohu.cz	fra	27	260	7933	177208	public_domain	louis-claude-fillion	1904	1904
PGR	Perret-Gentil & Rilliet - French translation (1861)	PGR	obohu.cz	fra	27	260	7956	190008	public_domain	perret-gentil-rilliet	1861	1861
PCB	Pirot-Clamer - French translation (1949)	PCB	obohu.cz	fra	27	260	7957	178167	copyrighted	pirot-clamer	1949	1949
POL	Bible Gdańska 1632 (POL)	POL	obohu.cz	pol	27	260	7955	139987	public_domain	biblia-gdanska	1632	1632
UBG	Updated Bible Gdańska (2017)	UBG	obohu.cz	pol	27	260	7957	138309	open_license	uwspolczesniona-biblia-gdanska	2017	2017
POZ	Bible Poznańska (1975) (POL)	POZ	obohu.cz	pol	27	260	7954	136560	copyrighted	biblia-poznanska	1975	1975
PBT	Biblia Tysiąclecia	PBT	obohu.cz	pol	27	260	7956	138032	copyrighted	biblia-tysiaclecia	III (1980)	1980
PBW	Biblia Warszawska	PBW	obohu.cz	pol	27	260	7957	139303	copyrighted	biblia-warszawska	1975	1975
PBWP	Biblia Warszawsko-Praska	PBWP	obohu.cz	pol	27	260	7955	151292	copyrighted	biblia-warszawsko-praska	1997	1997
PBB	Biblia Brzeska	PBB	obohu.cz	pol	27	260	7941	142114	public_domain	biblia-brzeska	1563	1563
NBG	Nowa Biblia Gdańska (POL)	NBG	obohu.cz	pol	27	260	7956	140457	copyrighted	nowa-biblia-gdanska	2012	2012
AM	Andrzej Mazurkiewicz - New Testament (2019)	AM	obohu.cz	pol	27	260	7893	132541	copyrighted	mazurkiewicz	2019 (I)	2019
IT	Italian Riveduta Bible 1927 (IT)	IT	obohu.cz	ita	27	260	7957	163684	public_domain	riveduta	1927	1927
DIO	Italian Giovanni Diodati Bible (1649)	DIO	obohu.cz	ita	27	260	7957	167878	public_domain	diodati-bible	1649	1649
CEI	CEI 74 - Italian translation	CEI	obohu.cz	ita	27	260	7952	186857	public_domain	conferenza-episcopale-italiana	1974	1974
ASV	American Standard Version (ASV)	ASV	crossbible.com	eng	27	260	7942	179809	public_domain	american-standard-version	1901	1901
BSB	Berean Study Bible (BSB)	BSB	crossbible.com	eng	27	260	7943	171723	public_domain	berean-study-bible	2023	2023
BRENT-eng	Brenton's English Septuagint (LXX) (BRENT-eng)	BRENT-eng	crossbible.com	eng	27	260	8060	223340	public_domain	brenton-english-septuagint	1844	1844
ESV-CE	English Standard Version – CE (ESV-CE)	ESV-CE	crossbible.com	eng	27	260	7942	175461	copyrighted	english-standard-version	2018	2018
JPS	Jewish Publication Society Tanakh (1917) (JPS)	JPS	crossbible.com	eng	27	260	8060	205660	public_domain	jewish-publication-society-tanakh	1917	1917
KJV-1611	King James Version (1611) (KJV-1611)	KJV-1611	crossbible.com	eng	27	260	7958	180813	public_domain	king-james-version	1611	1611
KJV-1769	King James Version (1769) (KJV-1769)	KJV-1769	crossbible.com	eng	27	260	7958	180351	public_domain	king-james-version	1769	1769
NASB	New American Standard Bible (2020) (NASB)	NASB	crossbible.com	eng	27	260	7945	184334	copyrighted	new-american-standard-bible	2020	2020
NETv1	New English Translation v1 (NETv1)	NETv1	crossbible.com	eng	27	260	7942	180811	open_license	net-bible	v1 (2006)	2006
NIV	New International Version (NIV)	NIV	crossbible.com	eng	27	260	7942	175921	copyrighted	new-international-version	2011	2011
NRSVue	New Revised Standard Version, Updated Edition (NRSVue)	NRSVue	crossbible.com	eng	27	260	7942	177003	copyrighted	new-revised-standard-version-updated-edition	2021	2021
TYN	Tyndale Bible (TYN)	TYN	crossbible.com	eng	27	260	7956	182009	public_domain	tyndale-bible	1534	1534
WBT	Webster's Revision (WBT)	WBT	crossbible.com	eng	27	260	7958	179944	public_domain	webster-bible	1833	1833
WNT	Weymouth New Testament (WNT)	WNT	crossbible.com	eng	27	260	7925	192504	public_domain	weymouth-new-testament	1903	1903
LSG	Louis Segond (LSG)	LSG	crossbible.com	fra	27	260	7958	173768	public_domain	louis-segond	1910	1910
RV-1909	Reina Valera 1909 (RV-1909)	RV-1909	crossbible.com	spa	27	260	7957	164046	public_domain	reina-valera	1909	1909
